filename,file_size,file_attributes,region_count,region_id,region_shape_attributes,region_attributes
RGB_1_T1.png,17914655,"{}",4,0,"{""name"":""point"",""cx"":611,""cy"":899}","{""fold"":""0"",""goal"":""1"",""hull"":""0""}"
RGB_1_T1.png,17914655,"{}",4,1,"{""name"":""polygon"",""all_points_x"":[2283,2276,2276,2112,2314,2423,2493,2540,2525,2532,2571,2478,2454,2388,2299],""all_points_y"":[1097,1466,1505,1999,2217,2264,2256,2202,1451,1004,856,883,965,1027,1085]}","{""fold"":""0"",""goal"":""0"",""hull"":""1""}"
RGB_1_T1.png,17914655,"{}",4,2,"{""name"":""polyline"",""all_points_x"":[2272,2279],""all_points_y"":[1085,1482]}","{""fold"":""1"",""goal"":""0"",""hull"":""0""}"
RGB_1_T1.png,17914655,"{}",4,3,"{""name"":""polyline"",""all_points_x"":[2120,2276,2283],""all_points_y"":[2011,1494,1482]}","{""fold"":""1"",""goal"":""0"",""hull"":""0""}"
RGB_2_T1.png,18090148,"{}",4,0,"{""name"":""polyline"",""all_points_x"":[1809,2003],""all_points_y"":[1739,1346]}","{""fold"":""1"",""goal"":""0"",""hull"":""0""}"
RGB_2_T1.png,18090148,"{}",4,1,"{""name"":""polyline"",""all_points_x"":[2128,2011],""all_points_y"":[1171,1346]}","{""fold"":""1"",""goal"":""0"",""hull"":""0""}"
RGB_2_T1.png,18090148,"{}",4,2,"{""name"":""point"",""cx"":572,""cy"":891}","{""fold"":""0"",""goal"":""1"",""hull"":""0""}"
RGB_2_T1.png,18090148,"{}",4,3,"{""name"":""polygon"",""all_points_x"":[2159,2256,2486,2583,2583,2548,2525,2544,2528,1828,1801,2011,2190,2256],""all_points_y"":[1140,941,759,751,832,860,1634,2011,2030,1809,1750,1326,1081,937]}","{""fold"":""0"",""goal"":""0"",""hull"":""1""}"
RGB_3_T1.png,18896863,"{}",4,0,"{""name"":""polyline"",""all_points_x"":[1408,1540],""all_points_y"":[1424,1272]}","{""fold"":""1"",""goal"":""0"",""hull"":""0""}"
RGB_3_T1.png,18896863,"{}",4,1,"{""name"":""polyline"",""all_points_x"":[1579,1536],""all_points_y"":[1128,1284]}","{""fold"":""1"",""goal"":""0"",""hull"":""0""}"
RGB_3_T1.png,18896863,"{}",4,2,"{""name"":""point"",""cx"":607,""cy"":906}","{""fold"":""0"",""goal"":""1"",""hull"":""0""}"
RGB_3_T1.png,18896863,"{}",4,3,"{""name"":""polygon"",""all_points_x"":[1614,1922,2132,2252,2388,2482,2528,2540,2509,1424,1544,1583,1665],""all_points_y"":[1136,1151,1101,1023,1054,953,1035,1533,1568,1431,1280,1128,1136]}","{""fold"":""0"",""goal"":""0"",""hull"":""1""}"
RGB_4_T1.png,18825681,"{}",4,0,"{""name"":""point"",""cx"":603,""cy"":922}","{""fold"":""0"",""goal"":""1"",""hull"":""0""}"
RGB_4_T1.png,18825681,"{}",4,1,"{""name"":""polyline"",""all_points_x"":[1579,1529],""all_points_y"":[1116,1288]}","{""fold"":""1"",""goal"":""0"",""hull"":""0""}"
RGB_4_T1.png,18825681,"{}",4,2,"{""name"":""polyline"",""all_points_x"":[1525,1416],""all_points_y"":[1307,1435]}","{""fold"":""1"",""goal"":""0"",""hull"":""0""}"
RGB_4_T1.png,18825681,"{}",4,3,"{""name"":""polygon"",""all_points_x"":[1595,1925,2104,2237,2338,2439,2478,2540,2536,2497,1801,1424,1536,1587],""all_points_y"":[1116,1155,1109,1039,1054,1023,949,1062,1513,1575,1447,1428,1299,1124]}","{""fold"":""0"",""goal"":""0"",""hull"":""1\n""}"
RGB_5_T1.png,20265008,"{}",4,0,"{""name"":""point"",""cx"":583,""cy"":774}","{""fold"":""0"",""goal"":""1"",""hull"":""0""}"
RGB_5_T1.png,20265008,"{}",4,1,"{""name"":""polyline"",""all_points_x"":[906,926],""all_points_y"":[910,969]}","{""fold"":""1"",""goal"":""0"",""hull"":""0""}"
RGB_5_T1.png,20265008,"{}",4,2,"{""name"":""polyline"",""all_points_x"":[891,922],""all_points_y"":[1023,965]}","{""fold"":""1"",""goal"":""0"",""hull"":""0""}"
RGB_5_T1.png,20265008,"{}",4,3,"{""name"":""polygon"",""all_points_x"":[922,1412,1758,1925,2174,2229,1933,1482,1128,891,934,918],""all_points_y"":[918,1070,1105,1159,1159,1198,1206,1101,1046,1027,965,930]}","{""fold"":""0"",""goal"":""0"",""hull"":""1""}"
RGB_5_T2.png,8303200,"{}",3,0,"{""name"":""point"",""cx"":576,""cy"":887}","{""fold"":""0"",""goal"":""1"",""hull"":""0""}"
RGB_5_T2.png,8303200,"{}",3,1,"{""name"":""polyline"",""all_points_x"":[2069,2112],""all_points_y"":[1346,1961]}","{""fold"":""1"",""goal"":""0"",""hull"":""0""}"
RGB_5_T2.png,8303200,"{}",3,2,"{""name"":""polygon"",""all_points_x"":[2412,2396,2081,2120,2350,2396,2462,2509,2423],""all_points_y"":[727,867,1326,1961,2252,2307,1906,1175,720]}","{""fold"":""0"",""goal"":""0"",""hull"":""1""}"
RGB_6_T1.png,20422989,"{}",3,0,"{""name"":""point"",""cx"":615,""cy"":661}","{""fold"":""0"",""goal"":""1"",""hull"":""0""}"
RGB_6_T1.png,20422989,"{}",3,1,"{""name"":""polyline"",""all_points_x"":[794,879],""all_points_y"":[976,786]}","{""fold"":""1"",""goal"":""0"",""hull"":""0""}"
RGB_6_T1.png,20422989,"{}",3,2,"{""name"":""polygon"",""all_points_x"":[902,1311,1758,2081,2124,1910,1490,809,883,899],""all_points_y"":[801,984,1089,1112,1140,1171,1089,984,797,801]}","{""fold"":""0"",""goal"":""0"",""hull"":""1""}"
RGB_6_T2.png,8223917,"{}",3,0,"{""name"":""polyline"",""all_points_x"":[1988,1867],""all_points_y"":[1354,1758]}","{""fold"":""1"",""goal"":""0"",""hull"":""0""}"
RGB_6_T2.png,8223917,"{}",3,1,"{""name"":""point"",""cx"":556,""cy"":875}","{""fold"":""0"",""goal"":""1"",""hull"":""0""}"
RGB_6_T2.png,8223917,"{}",3,2,"{""name"":""polygon"",""all_points_x"":[2404,2365,1988,1871,2151,2342,2400,2462,2509,2427,2404],""all_points_y"":[782,941,1330,1778,1914,2027,2233,1867,1179,731,786]}","{""fold"":""0"",""goal"":""0"",""hull"":""1""}"
RGB_7_T2.png,17790572,"{}",4,0,"{""name"":""polyline"",""all_points_x"":[2101,2190],""all_points_y"":[1218,1727]}","{""fold"":""1"",""goal"":""0"",""hull"":""0""}"
RGB_7_T2.png,17790572,"{}",4,1,"{""name"":""polyline"",""all_points_x"":[2186,2186],""all_points_y"":[2311,1739]}","{""fold"":""1"",""goal"":""0"",""hull"":""0""}"
RGB_7_T2.png,17790572,"{}",4,2,"{""name"":""point"",""cx"":650,""cy"":876}","{""fold"":""0"",""goal"":""1"",""hull"":""0""}"
RGB_7_T2.png,17790572,"{}",4,3,"{""name"":""polygon"",""all_points_x"":[2112,2373,2571,2525,2536,2517,2400,2190,2190,2112],""all_points_y"":[1225,1093,895,1268,1645,1918,2552,2311,1700,1210]}","{""fold"":""0"",""goal"":""0"",""hull"":""1""}"
RGB_8_T2.png,18201810,"{}",3,0,"{""name"":""polyline"",""all_points_x"":[1855,1657],""all_points_y"":[1175,1754]}","{""fold"":""1"",""goal"":""0"",""hull"":""0""}"
RGB_8_T2.png,18201810,"{}",3,1,"{""name"":""polygon"",""all_points_x"":[1894,2058,2443,2540,2521,2525,2482,2451,2217,2066,1972,1859,1789,1653,1852,1910],""all_points_y"":[1175,1190,1101,1101,1264,1688,2143,2159,2030,1945,1929,1898,1863,1770,1159,1179]}","{""fold"":""0"",""goal"":""0"",""hull"":""1""}"
RGB_8_T2.png,18201810,"{}",3,2,"{""name"":""point"",""cx"":650,""cy"":891}","{""fold"":""0"",""goal"":""1"",""hull"":""0""}"
RGB_9_T2.png,18562095,"{}",5,0,"{""name"":""polyline"",""all_points_x"":[1455,1521],""all_points_y"":[1447,1354]}","{""fold"":""1"",""goal"":""0"",""hull"":""0""}"
RGB_9_T2.png,18562095,"{}",5,1,"{""name"":""polyline"",""all_points_x"":[1501,1517],""all_points_y"":[1307,1354]}","{""fold"":""1"",""goal"":""0"",""hull"":""0""}"
RGB_9_T2.png,18562095,"{}",5,2,"{""name"":""polyline"",""all_points_x"":[1723,1509],""all_points_y"":[1109,1307]}","{""fold"":""1"",""goal"":""0"",""hull"":""0""}"
RGB_9_T2.png,18562095,"{}",5,3,"{""name"":""point"",""cx"":626,""cy"":891}","{""fold"":""0"",""goal"":""1"",""hull"":""0""}"
RGB_9_T2.png,18562095,"{}",5,4,"{""name"":""polygon"",""all_points_x"":[1735,1968,2486,2532,2505,2478,1992,1887,1762,1435,1525,1498,1731],""all_points_y"":[1112,1179,1253,1560,2027,2038,1840,1844,1762,1459,1358,1307,1105]}","{""fold"":""0"",""goal"":""0"",""hull"":""1""}"
RGB_10_T2.png,20050637,"{}",3,0,"{""name"":""point"",""cx"":580,""cy"":887}","{""fold"":""0"",""goal"":""1"",""hull"":""0""}"
RGB_10_T2.png,20050637,"{}",3,1,"{""name"":""polyline"",""all_points_x"":[1186,1144],""all_points_y"":[1054,1183]}","{""fold"":""1"",""goal"":""0"",""hull"":""0""}"
RGB_10_T2.png,20050637,"{}",3,2,"{""name"":""polygon"",""all_points_x"":[1937,1801,1190,1144],""all_points_y"":[1568,1459,1066,1194]}","{""fold"":""0"",""goal"":""0"",""hull"":""1""}"
RGB_11_T2.png,20776687,"{}",3,0,"{""name"":""point"",""cx"":603,""cy"":712}","{""fold"":""0"",""goal"":""1"",""hull"":""0""}"
RGB_11_T2.png,20776687,"{}",3,1,"{""name"":""polyline"",""all_points_x"":[844,813],""all_points_y"":[864,937]}","{""fold"":""1"",""goal"":""0"",""hull"":""0""}"
RGB_11_T2.png,20776687,"{}",3,2,"{""name"":""polygon"",""all_points_x"":[844,988,817],""all_points_y"":[891,1011,934]}","{""fold"":""0"",""goal"":""0"",""hull"":""1""}"
RGB_12_T3.png,17721690,"{}",3,0,"{""name"":""point"",""cx"":630,""cy"":895}","{""fold"":""0"",""goal"":""1"",""hull"":""0""}"
RGB_12_T3.png,17721690,"{}",3,1,"{""name"":""polyline"",""all_points_x"":[2077,2194],""all_points_y"":[1206,2237]}","{""fold"":""1"",""goal"":""0"",""hull"":""0""}"
RGB_12_T3.png,17721690,"{}",3,2,"{""name"":""polygon"",""all_points_x"":[2540,2493,2528,2190,2073],""all_points_y"":[906,2050,2466,2256,1210]}","{""fold"":""0"",""goal"":""0"",""hull"":""1""}"
RGB_13_T3.png,18130415,"{}",3,0,"{""name"":""point"",""cx"":638,""cy"":899}","{""fold"":""0"",""goal"":""1"",""hull"":""0""}"
RGB_13_T3.png,18130415,"{}",3,1,"{""name"":""polyline"",""all_points_x"":[1844,1618],""all_points_y"":[1186,1579]}","{""fold"":""1"",""goal"":""0"",""hull"":""0""}"
RGB_13_T3.png,18130415,"{}",3,2,"{""name"":""polygon"",""all_points_x"":[2505,1852,1614,1747,2034,2396,2470,2536],""all_points_y"":[1015,1175,1591,1735,2011,2217,1890,1042]}","{""fold"":""0"",""goal"":""0"",""hull"":""1""}"
RGB_14_T3.png,19411148,"{}",3,0,"{""name"":""polyline"",""all_points_x"":[1358,1303],""all_points_y"":[1241,1408]}","{""fold"":""1"",""goal"":""0"",""hull"":""0""}"
RGB_14_T3.png,19411148,"{}",3,1,"{""name"":""point"",""cx"":615,""cy"":891}","{""fold"":""0"",""goal"":""1"",""hull"":""0""}"
RGB_14_T3.png,19411148,"{}",3,2,"{""name"":""polygon"",""all_points_x"":[1373,2435,2264,2206,1972,1299,1358],""all_points_y"":[1249,1661,1953,1836,1665,1404,1241]}","{""fold"":""0"",""goal"":""0"",""hull"":""1""}"
RGB_15_T3.png,20667626,"{}",3,0,"{""name"":""polyline"",""all_points_x"":[844,840],""all_points_y"":[988,1046]}","{""fold"":""1"",""goal"":""0"",""hull"":""0""}"
RGB_15_T3.png,20667626,"{}",3,1,"{""name"":""point"",""cx"":525,""cy"":794}","{""fold"":""0"",""goal"":""1"",""hull"":""0""}"
RGB_15_T3.png,20667626,"{}",3,2,"{""name"":""polyline"",""all_points_x"":[848,844,1151,852],""all_points_y"":[988,1050,1163,996]}","{""fold"":""0"",""goal"":""0"",""hull"":""1""}"
RGB_16_T3.png,20790441,"{}",3,0,"{""name"":""polyline"",""all_points_x"":[673,673],""all_points_y"":[941,980]}","{""fold"":""1"",""goal"":""0"",""hull"":""0""}"
RGB_16_T3.png,20790441,"{}",3,1,"{""name"":""point"",""cx"":541,""cy"":743}","{""fold"":""0"",""goal"":""1"",""hull"":""0""}"
RGB_16_T3.png,20790441,"{}",3,2,"{""name"":""polygon"",""all_points_x"":[677,681,953],""all_points_y"":[941,988,1074]}","{""fold"":""0"",""goal"":""0"",""hull"":""1""}"
RGB_17_T3.png,17618353,"{}",3,0,"{""name"":""polyline"",""all_points_x"":[2178,2112],""all_points_y"":[1284,1832]}","{""fold"":""1"",""goal"":""0"",""hull"":""0""}"
RGB_17_T3.png,17618353,"{}",3,1,"{""name"":""point"",""cx"":595,""cy"":910}","{""fold"":""0"",""goal"":""1"",""hull"":""0""}"
RGB_17_T3.png,17618353,"{}",3,2,"{""name"":""polygon"",""all_points_x"":[2548,2186,2112,2451],""all_points_y"":[906,1268,1852,2451]}","{""fold"":""0"",""goal"":""0"",""hull"":""1""}"
RGB_18_T4.png,17601859,"{}",3,0,"{""name"":""polyline"",""all_points_x"":[2178,2116],""all_points_y"":[1276,1848]}","{""fold"":""1"",""goal"":""0"",""hull"":""0""}"
RGB_18_T4.png,17601859,"{}",3,1,"{""name"":""point"",""cx"":607,""cy"":910}","{""fold"":""0"",""goal"":""1"",""hull"":""0""}"
RGB_18_T4.png,17601859,"{}",3,2,"{""name"":""polygon"",""all_points_x"":[2540,2186,2124,2451],""all_points_y"":[918,1264,1867,2443]}","{""fold"":""0"",""goal"":""0"",""hull"":""1""}"
RGB_19_T4.png,17776247,"{}",3,0,"{""name"":""polyline"",""all_points_x"":[1992,1879],""all_points_y"":[1272,1735]}","{""fold"":""1"",""goal"":""0"",""hull"":""0""}"
RGB_19_T4.png,17776247,"{}",3,1,"{""name"":""point"",""cx"":618,""cy"":914}","{""fold"":""0"",""goal"":""1"",""hull"":""0""}"
RGB_19_T4.png,17776247,"{}",3,2,"{""name"":""polygon"",""all_points_x"":[2540,2314,1992,1883,2400,2443],""all_points_y"":[926,1136,1264,1743,2221,2338]}","{""fold"":""0"",""goal"":""0"",""hull"":""1""}"
RGB_20_T4.png,18499652,"{}",3,0,"{""name"":""polyline"",""all_points_x"":[1501,1431],""all_points_y"":[1175,1447]}","{""fold"":""1"",""goal"":""0"",""hull"":""0""}"
RGB_20_T4.png,18499652,"{}",3,1,"{""name"":""point"",""cx"":599,""cy"":910}","{""fold"":""0"",""goal"":""1"",""hull"":""0""}"
RGB_20_T4.png,18499652,"{}",3,2,"{""name"":""polygon"",""all_points_x"":[1517,2046,2517,2470,1968,1443],""all_points_y"":[1171,1256,1280,2019,1653,1447]}","{""fold"":""0"",""goal"":""0"",""hull"":""1""}"
RGB_21_T4.png,19512723,"{}",3,0,"{""name"":""polyline"",""all_points_x"":[1155,1132],""all_points_y"":[1120,1183]}","{""fold"":""1"",""goal"":""0"",""hull"":""0""}"
RGB_21_T4.png,19512723,"{}",3,1,"{""name"":""point"",""cx"":560,""cy"":914}","{""fold"":""0"",""goal"":""1"",""hull"":""0""}"
RGB_21_T4.png,19512723,"{}",3,2,"{""name"":""polygon"",""all_points_x"":[1175,1575,1194,1140,1159],""all_points_y"":[1132,1311,1229,1198,1124]}","{""fold"":""0"",""goal"":""0"",""hull"":""1""}"
RGB_22_T4.png,20225027,"{}",3,0,"{""name"":""polyline"",""all_points_x"":[848,813],""all_points_y"":[926,1019]}","{""fold"":""1"",""goal"":""0"",""hull"":""0""}"
RGB_22_T4.png,20225027,"{}",3,1,"{""name"":""point"",""cx"":548,""cy"":801}","{""fold"":""0"",""goal"":""1"",""hull"":""0""}"
RGB_22_T4.png,20225027,"{}",3,2,"{""name"":""polygon"",""all_points_x"":[926,976,887,817,848],""all_points_y"":[918,1116,1081,1031,922]}","{""fold"":""0"",""goal"":""0"",""hull"":""1""}"
RGB_23_T5.png,17720930,"{}",3,0,"{""name"":""polyline"",""all_points_x"":[2307,2221],""all_points_y"":[1136,2038]}","{""fold"":""1"",""goal"":""0"",""hull"":""0""}"
RGB_23_T5.png,17720930,"{}",3,1,"{""name"":""point"",""cx"":572,""cy"":891}","{""fold"":""0"",""goal"":""1"",""hull"":""0""}"
RGB_23_T5.png,17720930,"{}",3,2,"{""name"":""polygon"",""all_points_x"":[2536,2439,2318,2225,2272,2419,2513],""all_points_y"":[972,1077,1116,2062,2264,2412,2567]}","{""fold"":""0"",""goal"":""0"",""hull"":""1""}"
RGB_24_T5.png,17932374,"{}",3,0,"{""name"":""polyline"",""all_points_x"":[2038,1817],""all_points_y"":[1120,1809]}","{""fold"":""1"",""goal"":""0"",""hull"":""0""}"
RGB_24_T5.png,17932374,"{}",3,1,"{""name"":""point"",""cx"":564,""cy"":891}","{""fold"":""0"",""goal"":""1"",""hull"":""0""}"
RGB_24_T5.png,17932374,"{}",3,2,"{""name"":""polygon"",""all_points_x"":[2050,2233,2361,2517,2525,2357,2147,1933,1817],""all_points_y"":[1120,1175,1120,1027,2283,2108,1976,1894,1813]}","{""fold"":""0"",""goal"":""0"",""hull"":""1""}"
RGB_25_T5.png,18734260,"{}",3,0,"{""name"":""polyline"",""all_points_x"":[1536,1385],""all_points_y"":[1101,1408]}","{""fold"":""1"",""goal"":""0"",""hull"":""0""}"
RGB_25_T5.png,18734260,"{}",3,1,"{""name"":""point"",""cx"":583,""cy"":902}","{""fold"":""0"",""goal"":""1"",""hull"":""0""}"
RGB_25_T5.png,18734260,"{}",3,2,"{""name"":""polygon"",""all_points_x"":[1556,1836,2486,2509,2521,2136,1867,1618,1466,1377,1536],""all_points_y"":[1109,1288,1404,1420,1918,1743,1599,1521,1482,1416,1101]}","{""fold"":""0"",""goal"":""0"",""hull"":""1""}"
RGB_26_T5.png,19874273,"{}",3,0,"{""name"":""polyline"",""all_points_x"":[1062,1081],""all_points_y"":[1062,1163]}","{""fold"":""1"",""goal"":""0"",""hull"":""0""}"
RGB_26_T5.png,19874273,"{}",3,1,"{""name"":""point"",""cx"":560,""cy"":860}","{""fold"":""0"",""goal"":""1"",""hull"":""0""}"
RGB_26_T5.png,19874273,"{}",3,2,"{""name"":""polygon"",""all_points_x"":[1066,1233,1424,1303,1183,1085],""all_points_y"":[1062,1194,1299,1288,1218,1179]}","{""fold"":""0"",""goal"":""0"",""hull"":""1""}"
RGB_27_T5.png,20390224,"{}",3,0,"{""name"":""polyline"",""all_points_x"":[790,790],""all_points_y"":[906,949]}","{""fold"":""1"",""goal"":""0"",""hull"":""0""}"
RGB_27_T5.png,20390224,"{}",3,1,"{""name"":""point"",""cx"":545,""cy"":766}","{""fold"":""0"",""goal"":""1"",""hull"":""0""}"
RGB_27_T5.png,20390224,"{}",3,2,"{""name"":""polygon"",""all_points_x"":[797,864,949,949,794],""all_points_y"":[914,957,1019,1042,953]}","{""fold"":""0"",""goal"":""0"",""hull"":""1""}"
RGB_28_T6.png,17500011,"{}",3,0,"{""name"":""polyline"",""all_points_x"":[2108,2128],""all_points_y"":[1400,2054]}","{""fold"":""1"",""goal"":""0"",""hull"":""0""}"
RGB_28_T6.png,17500011,"{}",3,1,"{""name"":""point"",""cx"":611,""cy"":817}","{""fold"":""0"",""goal"":""1"",""hull"":""0""}"
RGB_28_T6.png,17500011,"{}",3,2,"{""name"":""polygon"",""all_points_x"":[2392,2311,2104,2128,2260,2334,2439,2532,2614,2548,2470],""all_points_y"":[910,1105,1412,2066,2279,2470,2248,2233,1163,899,821]}","{""fold"":""0"",""goal"":""0"",""hull"":""1""}"
RGB_29_T6.png,18059586,"{}",3,0,"{""name"":""polyline"",""all_points_x"":[1805,1554],""all_points_y"":[1225,1627]}","{""fold"":""1"",""goal"":""0"",""hull"":""0""}"
RGB_29_T6.png,18059586,"{}",3,1,"{""name"":""point"",""cx"":615,""cy"":813}","{""fold"":""0"",""goal"":""1"",""hull"":""0""}"
RGB_29_T6.png,18059586,"{}",3,2,"{""name"":""polygon"",""all_points_x"":[1820,2525,2595,2606,2505,2404,2178,1945,1855,1549],""all_points_y"":[1221,1128,1175,1490,2085,2062,1953,1898,1898,1636]}","{""fold"":""0"",""goal"":""0"",""hull"":""1""}"
RGB_30_T6.png,19401983,"{}",3,0,"{""name"":""polyline"",""all_points_x"":[1256,1178],""all_points_y"":[1139,1234]}","{""fold"":""1"",""goal"":""0"",""hull"":""0""}"
RGB_30_T6.png,19401983,"{}",3,1,"{""name"":""point"",""cx"":609,""cy"":811}","{""fold"":""0"",""goal"":""1"",""hull"":""0""}"
RGB_30_T6.png,19401983,"{}",3,2,"{""name"":""polygon"",""all_points_x"":[1265,1903,2244,2447,2370,1860,1580,1411,1265,1170],""all_points_y"":[1135,1455,1670,1778,1774,1519,1390,1368,1303,1247]}","{""fold"":""0"",""goal"":""0"",""hull"":""1""}"
RGB_31_T6.png,20527602,"{}",3,0,"{""name"":""polyline"",""all_points_x"":[622,622],""all_points_y"":[742,777]}","{""fold"":""1"",""goal"":""0"",""hull"":""0""}"
RGB_31_T6.png,20527602,"{}",3,1,"{""name"":""point"",""cx"":557,""cy"":678}","{""fold"":""0"",""goal"":""1"",""hull"":""0""}"
RGB_31_T6.png,20527602,"{}",3,2,"{""name"":""polygon"",""all_points_x"":[626,699,626],""all_points_y"":[747,820,781]}","{""fold"":""0"",""goal"":""0"",""hull"":""1""}"
RGB_32_T7.png,17542802,"{}",3,0,"{""name"":""polyline"",""all_points_x"":[2188,2214],""all_points_y"":[1265,2089]}","{""fold"":""1"",""goal"":""0"",""hull"":""0""}"
RGB_32_T7.png,17542802,"{}",3,1,"{""name"":""point"",""cx"":617,""cy"":764}","{""fold"":""0"",""goal"":""1"",""hull"":""0""}"
RGB_32_T7.png,17542802,"{}",3,2,"{""name"":""polygon"",""all_points_x"":[2594,2460,2188,2214,2447],""all_points_y"":[768,1027,1256,2106,2482]}","{""fold"":""0"",""goal"":""0"",""hull"":""1""}"
RGB_33_T7.png,17588458,"{}",4,0,"{""name"":""polyline"",""all_points_x"":[2054,2029],""all_points_y"":[1291,1623]}","{""fold"":""1"",""goal"":""0"",""hull"":""0""}"
RGB_33_T7.png,17588458,"{}",4,1,"{""name"":""polyline"",""all_points_x"":[2141,2024],""all_points_y"":[2115,1636]}","{""fold"":""1"",""goal"":""0"",""hull"":""0""}"
RGB_33_T7.png,17588458,"{}",4,2,"{""name"":""point"",""cx"":596,""cy"":777}","{""fold"":""0"",""goal"":""1"",""hull"":""0""}"
RGB_33_T7.png,17588458,"{}",4,3,"{""name"":""polygon"",""all_points_x"":[2598,2400,2063,2029,2141,2296,2447],""all_points_y"":[790,1057,1295,1649,2106,2236,2413]}","{""fold"":""0"",""goal"":""0"",""hull"":""1""}"
RGB_34_T7.png,18299560,"{}",3,0,"{""name"":""polyline"",""all_points_x"":[1765,1524],""all_points_y"":[1109,1403]}","{""fold"":""1"",""goal"":""0"",""hull"":""0""}"
RGB_34_T7.png,18299560,"{}",3,1,"{""name"":""point"",""cx"":591,""cy"":751}","{""fold"":""0"",""goal"":""1"",""hull"":""0""}"
RGB_34_T7.png,18299560,"{}",3,2,"{""name"":""polygon"",""all_points_x"":[1783,1947,2564,2525,2482,1860,1666,1528],""all_points_y"":[1105,1131,1014,1830,1847,1558,1515,1407]}","{""fold"":""0"",""goal"":""0"",""hull"":""1""}"
RGB_35_T7.png,19272265,"{}",3,0,"{""name"":""polyline"",""all_points_x"":[1183,1144],""all_points_y"":[1010,1131]}","{""fold"":""1"",""goal"":""0"",""hull"":""0""}"
RGB_35_T7.png,19272265,"{}",3,1,"{""name"":""point"",""cx"":613,""cy"":781}","{""fold"":""0"",""goal"":""1"",""hull"":""0""}"
RGB_35_T7.png,19272265,"{}",3,2,"{""name"":""polygon"",""all_points_x"":[1200,1597,2076,2434,2434,2404,1830,1424,1152],""all_points_y"":[1023,1139,1342,1502,1688,1705,1433,1312,1118]}","{""fold"":""0"",""goal"":""0"",""hull"":""1""}"
RGB_36_T7.png,20209103,"{}",3,0,"{""name"":""polyline"",""all_points_x"":[859,837],""all_points_y"":[764,824]}","{""fold"":""1"",""goal"":""0"",""hull"":""0""}"
RGB_36_T7.png,20209103,"{}",3,1,"{""name"":""point"",""cx"":596,""cy"":622}","{""fold"":""0"",""goal"":""1"",""hull"":""0""}"
RGB_36_T7.png,20209103,"{}",3,2,"{""name"":""polygon"",""all_points_x"":[868,1049,1088,846],""all_points_y"":[768,872,1001,833]}","{""fold"":""0"",""goal"":""0"",""hull"":""1""}"
RGB_37_T8.png,17784875,"{}",3,0,"{""name"":""polyline"",""all_points_x"":[2249,2206],""all_points_y"":[1157,1960]}","{""fold"":""1"",""goal"":""0"",""hull"":""0""}"
RGB_37_T8.png,17784875,"{}",3,1,"{""name"":""point"",""cx"":639,""cy"":773}","{""fold"":""0"",""goal"":""1"",""hull"":""0""}"
RGB_37_T8.png,17784875,"{}",3,2,"{""name"":""polygon"",""all_points_x"":[2473,2249,2206,2417,2551],""all_points_y"":[958,1144,1955,2119,686]}","{""fold"":""0"",""goal"":""0"",""hull"":""1""}"
RGB_38_T8.png,17913092,"{}",3,0,"{""name"":""polyline"",""all_points_x"":[2076,1912],""all_points_y"":[1161,1679]}","{""fold"":""1"",""goal"":""0"",""hull"":""0""}"
RGB_38_T8.png,17913092,"{}",3,1,"{""name"":""point"",""cx"":609,""cy"":777}","{""fold"":""0"",""goal"":""1"",""hull"":""0""}"
RGB_38_T8.png,17913092,"{}",3,2,"{""name"":""polygon"",""all_points_x"":[2529,2400,2076,1912,2067,2288,2357,2382],""all_points_y"":[729,997,1161,1692,1834,1998,2145,2253]}","{""fold"":""0"",""goal"":""0"",""hull"":""1""}"
RGB_39_T8.png,18623082,"{}",3,0,"{""name"":""polyline"",""all_points_x"":[1636,1463],""all_points_y"":[1010,1373]}","{""fold"":""1"",""goal"":""0"",""hull"":""0""}"
RGB_39_T8.png,18623082,"{}",3,1,"{""name"":""point"",""cx"":600,""cy"":773}","{""fold"":""0"",""goal"":""1"",""hull"":""0""}"
RGB_39_T8.png,18623082,"{}",3,2,"{""name"":""polygon"",""all_points_x"":[1644,1856,2503,2456,2352,1925,1467],""all_points_y"":[1023,1045,1049,1765,1722,1502,1381]}","{""fold"":""0"",""goal"":""0"",""hull"":""1""}"
RGB_40_T8.png,19875496,"{}",3,0,"{""name"":""polyline"",""all_points_x"":[1174,1070],""all_points_y"":[880,1040]}","{""fold"":""1"",""goal"":""0"",""hull"":""0""}"
RGB_40_T8.png,19875496,"{}",3,1,"{""name"":""point"",""cx"":622,""cy"":751}","{""fold"":""0"",""goal"":""1"",""hull"":""0""}"
RGB_40_T8.png,19875496,"{}",3,2,"{""name"":""polygon"",""all_points_x"":[1183,2067,1968,1511,1079],""all_points_y"":[885,1278,1316,1135,1045]}","{""fold"":""0"",""goal"":""0"",""hull"":""1""}"
RGB_41_T8.png,20323356,"{}",3,0,"{""name"":""polyline"",""all_points_x"":[876,816],""all_points_y"":[773,868]}","{""fold"":""1"",""goal"":""0"",""hull"":""0""}"
RGB_41_T8.png,20323356,"{}",3,1,"{""name"":""point"",""cx"":570,""cy"":634}","{""fold"":""0"",""goal"":""1"",""hull"":""0""}"
RGB_41_T8.png,20323356,"{}",3,2,"{""name"":""polygon"",""all_points_x"":[889,1070,1312,1623,1558,1260,863,816],""all_points_y"":[755,755,898,1066,1101,1006,906,868]}","{""fold"":""0"",""goal"":""0"",""hull"":""1""}"
RGB_42_T9.png,17238333,"{}",3,0,"{""name"":""polyline"",""all_points_x"":[2193,2231],""all_points_y"":[1360,1821]}","{""fold"":""1"",""goal"":""0"",""hull"":""0""}"
RGB_42_T9.png,17238333,"{}",3,1,"{""name"":""point"",""cx"":617,""cy"":786}","{""fold"":""0"",""goal"":""1"",""hull"":""0""}"
RGB_42_T9.png,17238333,"{}",3,2,"{""name"":""polygon"",""all_points_x"":[2572,2443,2201,2236,2352,2452,2542,2581],""all_points_y"":[639,1049,1355,1830,2033,2357,2413,2378]}","{""fold"":""0"",""goal"":""0"",""hull"":""1""}"
RGB_43_T9.png,17680567,"{}",3,0,"{""name"":""polyline"",""all_points_x"":[1934,1787],""all_points_y"":[1144,1606]}","{""fold"":""1"",""goal"":""0"",""hull"":""0""}"
RGB_43_T9.png,17680567,"{}",3,1,"{""name"":""point"",""cx"":617,""cy"":781}","{""fold"":""0"",""goal"":""1"",""hull"":""0""}"
RGB_43_T9.png,17680567,"{}",3,2,"{""name"":""polygon"",""all_points_x"":[2555,2275,1951,1929,1787,2141,2322,2551,2590],""all_points_y"":[786,993,1131,1135,1614,1783,1813,1990,2007]}","{""fold"":""0"",""goal"":""0"",""hull"":""1""}"
RGB_44_T9.png,18973980,"{}",3,0,"{""name"":""polyline"",""all_points_x"":[1450,1373],""all_points_y"":[993,1135]}","{""fold"":""1"",""goal"":""0"",""hull"":""0""}"
RGB_44_T9.png,18973980,"{}",3,1,"{""name"":""point"",""cx"":604,""cy"":803}","{""fold"":""0"",""goal"":""1"",""hull"":""0""}"
RGB_44_T9.png,18973980,"{}",3,2,"{""name"":""polygon"",""all_points_x"":[1459,2568,2534,2439,2266,1804,1610,1537,1381],""all_points_y"":[993,1420,1506,1463,1433,1221,1178,1178,1139]}","{""fold"":""0"",""goal"":""0"",""hull"":""1""}"
RGB_45_T9.png,19664955,"{}",3,0,"{""name"":""polyline"",""all_points_x"":[885,837],""all_points_y"":[755,945]}","{""fold"":""1"",""goal"":""0"",""hull"":""0""}"
RGB_45_T9.png,19664955,"{}",3,1,"{""name"":""point"",""cx"":596,""cy"":721}","{""fold"":""0"",""goal"":""1"",""hull"":""0""}"
RGB_45_T9.png,19664955,"{}",3,2,"{""name"":""polygon"",""all_points_x"":[893,1528,1360,829],""all_points_y"":[747,1105,1101,954]}","{""fold"":""0"",""goal"":""0"",""hull"":""1""}"
RGB_46_T10.png,17278822,"{}",4,0,"{""name"":""polyline"",""all_points_x"":[2348,2279],""all_points_y"":[1027,1726]}","{""fold"":""1"",""goal"":""0"",""hull"":""0""}"
RGB_46_T10.png,17278822,"{}",4,1,"{""name"":""polyline"",""all_points_x"":[2352,2279],""all_points_y"":[2050,1735]}","{""fold"":""1"",""goal"":""0"",""hull"":""0""}"
RGB_46_T10.png,17278822,"{}",4,2,"{""name"":""point"",""cx"":613,""cy"":764}","{""fold"":""0"",""goal"":""1"",""hull"":""0""}"
RGB_46_T10.png,17278822,"{}",4,3,"{""name"":""polygon"",""all_points_x"":[2568,2512,2352,2279,2361,2534],""all_points_y"":[833,928,1014,1739,2063,2292]}","{""fold"":""0"",""goal"":""0"",""hull"":""1""}"
RGB_47_T10.png,17477724,"{}",3,0,"{""name"":""polyline"",""all_points_x"":[2067,1890],""all_points_y"":[1057,1731]}","{""fold"":""1"",""goal"":""0"",""hull"":""0""}"
RGB_47_T10.png,17477724,"{}",3,1,"{""name"":""point"",""cx"":604,""cy"":764}","{""fold"":""0"",""goal"":""1"",""hull"":""0""}"
RGB_47_T10.png,17477724,"{}",3,2,"{""name"":""polygon"",""all_points_x"":[2072,2309,2572,2542,2331,1890],""all_points_y"":[1045,1045,859,2154,1977,1726]}","{""fold"":""0"",""goal"":""0"",""hull"":""1""}"
RGB_48_T10.png,18450629,"{}",3,0,"{""name"":""polyline"",""all_points_x"":[1575,1442],""all_points_y"":[1019,1334]}","{""fold"":""1"",""goal"":""0"",""hull"":""0""}"
RGB_48_T10.png,18450629,"{}",3,1,"{""name"":""point"",""cx"":574,""cy"":760}","{""fold"":""0"",""goal"":""1"",""hull"":""0""}"
RGB_48_T10.png,18450629,"{}",3,2,"{""name"":""polygon"",""all_points_x"":[1584,1847,2477,2559,2551,2382,2011,1450],""all_points_y"":[1036,1174,1321,1398,1748,1679,1506,1325]}","{""fold"":""0"",""goal"":""0"",""hull"":""1""}"
RGB_49_T10.png,19814859,"{}",4,0,"{""name"":""polyline"",""all_points_x"":[945,1053],""all_points_y"":[911,880]}","{""fold"":""1"",""goal"":""0"",""hull"":""0""}"
RGB_49_T10.png,19814859,"{}",4,1,"{""name"":""polyline"",""all_points_x"":[941,945],""all_points_y"":[993,915]}","{""fold"":""1"",""goal"":""0"",""hull"":""0""}"
RGB_49_T10.png,19814859,"{}",4,2,"{""name"":""point"",""cx"":574,""cy"":665}","{""fold"":""0"",""goal"":""1"",""hull"":""0""}"
RGB_49_T10.png,19814859,"{}",4,3,"{""name"":""polygon"",""all_points_x"":[1053,1593,945,941],""all_points_y"":[880,1204,1006,915]}","{""fold"":""0"",""goal"":""0"",""hull"":""1""}"
RGB_50_T10.png,20261709,"{}",3,0,"{""name"":""polyline"",""all_points_x"":[898,833],""all_points_y"":[760,855]}","{""fold"":""1"",""goal"":""0"",""hull"":""0""}"
RGB_50_T10.png,20261709,"{}",3,1,"{""name"":""point"",""cx"":617,""cy"":591}","{""fold"":""0"",""goal"":""1"",""hull"":""0""}"
RGB_50_T10.png,20261709,"{}",3,2,"{""name"":""polygon"",""all_points_x"":[906,975,924,889,837],""all_points_y"":[760,824,915,902,859]}","{""fold"":""0"",""goal"":""0"",""hull"":""1""}"
RGB_51_T11.png,17349649,"{}",3,0,"{""name"":""polyline"",""all_points_x"":[2119,2193],""all_points_y"":[1269,1890]}","{""fold"":""1"",""goal"":""0"",""hull"":""0""}"
RGB_51_T11.png,17349649,"{}",3,1,"{""name"":""point"",""cx"":630,""cy"":755}","{""fold"":""0"",""goal"":""1"",""hull"":""0""}"
RGB_51_T11.png,17349649,"{}",3,2,"{""name"":""polygon"",""all_points_x"":[2559,2490,2119,2197,2559],""all_points_y"":[829,980,1252,1908,2395]}","{""fold"":""0"",""goal"":""0"",""hull"":""1""}"
RGB_52_T11.png,18009608,"{}",3,0,"{""name"":""polyline"",""all_points_x"":[1683,1597],""all_points_y"":[1118,1424]}","{""fold"":""1"",""goal"":""0"",""hull"":""0""}"
RGB_52_T11.png,18009608,"{}",3,1,"{""name"":""point"",""cx"":604,""cy"":738}","{""fold"":""0"",""goal"":""1"",""hull"":""0""}"
RGB_52_T11.png,18009608,"{}",3,2,"{""name"":""polygon"",""all_points_x"":[1696,2128,2564,2594,2577,2568,1960,1601],""all_points_y"":[1114,1187,1096,1139,1890,1921,1562,1424]}","{""fold"":""0"",""goal"":""0"",""hull"":""1""}"
RGB_53_T11.png,19420751,"{}",3,0,"{""name"":""polyline"",""all_points_x"":[1148,1139],""all_points_y"":[967,1057]}","{""fold"":""1"",""goal"":""0"",""hull"":""0""}"
RGB_53_T11.png,19420751,"{}",3,1,"{""name"":""point"",""cx"":622,""cy"":755}","{""fold"":""0"",""goal"":""1"",""hull"":""0""}"
RGB_53_T11.png,19420751,"{}",3,2,"{""name"":""polygon"",""all_points_x"":[1161,1506,1459,1139],""all_points_y"":[967,1152,1161,1057]}","{""fold"":""0"",""goal"":""0"",""hull"":""1""}"
RGB_54_T11.png,20238018,"{}",3,0,"{""name"":""polyline"",""all_points_x"":[725,678],""all_points_y"":[704,738]}","{""fold"":""1"",""goal"":""0"",""hull"":""0""}"
RGB_54_T11.png,20238018,"{}",3,1,"{""name"":""point"",""cx"":557,""cy"":609}","{""fold"":""0"",""goal"":""1"",""hull"":""0""}"
RGB_54_T11.png,20238018,"{}",3,2,"{""name"":""polygon"",""all_points_x"":[725,941,673],""all_points_y"":[712,855,738]}","{""fold"":""0"",""goal"":""0"",""hull"":""1""}"
RGB_55_T12.png,16698468,"{}",3,0,"{""name"":""polyline"",""all_points_x"":[2305,2439],""all_points_y"":[1127,2223]}","{""fold"":""1"",""goal"":""0"",""hull"":""0""}"
RGB_55_T12.png,16698468,"{}",3,1,"{""name"":""point"",""cx"":721,""cy"":734}","{""fold"":""0"",""goal"":""1"",""hull"":""0""}"
RGB_55_T12.png,16698468,"{}",3,2,"{""name"":""polygon"",""all_points_x"":[2659,2318,2443,2508,2633,2702],""all_points_y"":[734,1118,2244,2447,2378,1321]}","{""fold"":""0"",""goal"":""0"",""hull"":""1""}"
RGB_56_T12.png,16835523,"{}",4,0,"{""name"":""polyline"",""all_points_x"":[2240,2141],""all_points_y"":[1157,1442]}","{""fold"":""1"",""goal"":""0"",""hull"":""0""}"
RGB_56_T12.png,16835523,"{}",4,1,"{""name"":""polyline"",""all_points_x"":[2331,2132],""all_points_y"":[2240,1442]}","{""fold"":""1"",""goal"":""0"",""hull"":""0""}"
RGB_56_T12.png,16835523,"{}",4,2,"{""name"":""point"",""cx"":652,""cy"":691}","{""fold"":""0"",""goal"":""1"",""hull"":""0""}"
RGB_56_T12.png,16835523,"{}",4,3,"{""name"":""polygon"",""all_points_x"":[2672,2465,2231,2132,2331,2430,2624],""all_points_y"":[742,988,1148,1459,2262,2426,2382]}","{""fold"":""0"",""goal"":""0"",""hull"":""1""}"
RGB_57_T12.png,17106037,"{}",3,0,"{""name"":""polyline"",""all_points_x"":[2076,1834],""all_points_y"":[1057,1442]}","{""fold"":""1"",""goal"":""0"",""hull"":""0""}"
RGB_57_T12.png,17106037,"{}",3,1,"{""name"":""point"",""cx"":647,""cy"":704}","{""fold"":""0"",""goal"":""1"",""hull"":""0""}"
RGB_57_T12.png,17106037,"{}",3,2,"{""name"":""polygon"",""all_points_x"":[2080,2283,2650,2637,2447,2318,2141,1852,1830],""all_points_y"":[1040,1053,945,2244,2128,2115,1985,1584,1429]}","{""fold"":""0"",""goal"":""0"",""hull"":""1""}"
RGB_58_T12.png,18461175,"{}",3,0,"{""name"":""polyline"",""all_points_x"":[1515,1411],""all_points_y"":[1053,1243]}","{""fold"":""1"",""goal"":""0"",""hull"":""0""}"
RGB_58_T12.png,18461175,"{}",3,1,"{""name"":""point"",""cx"":652,""cy"":691}","{""fold"":""0"",""goal"":""1"",""hull"":""0""}"
RGB_58_T12.png,18461175,"{}",3,2,"{""name"":""polygon"",""all_points_x"":[1506,2408,2547,2663,2637,2400,1942,1783,1416],""all_points_y"":[1070,1463,1636,1679,1726,1662,1489,1463,1243]}","{""fold"":""0"",""goal"":""0"",""hull"":""1""}"
RGB_59_T12.png,19917621,"{}",3,0,"{""name"":""polyline"",""all_points_x"":[919,906],""all_points_y"":[798,842]}","{""fold"":""1"",""goal"":""0"",""hull"":""0""}"
RGB_59_T12.png,19917621,"{}",3,1,"{""name"":""point"",""cx"":617,""cy"":617}","{""fold"":""0"",""goal"":""1"",""hull"":""0""}"
RGB_59_T12.png,19917621,"{}",3,2,"{""name"":""polygon"",""all_points_x"":[924,1075,1122,902],""all_points_y"":[798,898,937,842]}","{""fold"":""0"",""goal"":""0"",""hull"":""1""}"
RGB_60_T12.png,19994406,"{}",3,0,"{""name"":""polyline"",""all_points_x"":[937,889],""all_points_y"":[725,820]}","{""fold"":""1"",""goal"":""0"",""hull"":""0""}"
RGB_60_T12.png,19994406,"{}",3,1,"{""name"":""point"",""cx"":656,""cy"":613}","{""fold"":""0"",""goal"":""1"",""hull"":""0""}"
RGB_60_T12.png,19994406,"{}",3,2,"{""name"":""polygon"",""all_points_x"":[941,1036,1299,1347,1062,889],""all_points_y"":[747,850,975,1096,924,833]}","{""fold"":""0"",""goal"":""0"",""hull"":""1""}"
RGB_61_T13.png,17252827,"{}",4,0,"{""name"":""polyline"",""all_points_x"":[2309,2322],""all_points_y"":[1127,1757]}","{""fold"":""1"",""goal"":""0"",""hull"":""0""}"
RGB_61_T13.png,17252827,"{}",4,1,"{""name"":""polyline"",""all_points_x"":[2279,2318],""all_points_y"":[2007,1748]}","{""fold"":""1"",""goal"":""0"",""hull"":""0""}"
RGB_61_T13.png,17252827,"{}",4,2,"{""name"":""point"",""cx"":643,""cy"":691}","{""fold"":""0"",""goal"":""1"",""hull"":""0""}"
RGB_61_T13.png,17252827,"{}",4,3,"{""name"":""polygon"",""all_points_x"":[2572,2313,2326,2283,2344,2439,2529,2598],""all_points_y"":[855,1122,1770,2007,2231,2374,2357,1947]}","{""fold"":""0"",""goal"":""0"",""hull"":""1""}"
RGB_62_T13.png,17336162,"{}",3,0,"{""name"":""polyline"",""all_points_x"":[2188,2033],""all_points_y"":[1148,1886]}","{""fold"":""1"",""goal"":""0"",""hull"":""0""}"
RGB_62_T13.png,17336162,"{}",3,1,"{""name"":""point"",""cx"":634,""cy"":695}","{""fold"":""0"",""goal"":""1"",""hull"":""0""}"
RGB_62_T13.png,17336162,"{}",3,2,"{""name"":""polygon"",""all_points_x"":[2564,2184,2029,2145,2270,2374,2482,2555,2581],""all_points_y"":[889,1139,1890,2016,2193,2167,2132,2162,2145]}","{""fold"":""0"",""goal"":""0"",""hull"":""1""}"
RGB_63_T13.png,18478410,"{}",4,0,"{""name"":""polyline"",""all_points_x"":[1718,1562],""all_points_y"":[1014,1295]}","{""fold"":""1"",""goal"":""0"",""hull"":""0""}"
RGB_63_T13.png,18478410,"{}",4,1,"{""name"":""polyline"",""all_points_x"":[1476,1567],""all_points_y"":[1398,1295]}","{""fold"":""1"",""goal"":""0"",""hull"":""0""}"
RGB_63_T13.png,18478410,"{}",4,2,"{""name"":""point"",""cx"":643,""cy"":712}","{""fold"":""0"",""goal"":""1"",""hull"":""0""}"
RGB_63_T13.png,18478410,"{}",4,3,"{""name"":""polygon"",""all_points_x"":[1731,2206,2551,2590,2620,2598,2473,2193,2128,1804,1692,1562,1480],""all_points_y"":[1014,1083,1040,1092,1446,1472,1442,1455,1463,1403,1398,1437,1398]}","{""fold"":""0"",""goal"":""0"",""hull"":""1""}"
RGB_64_T13.png,19488751,"{}",3,0,"{""name"":""polyline"",""all_points_x"":[1161,1083],""all_points_y"":[941,1109]}","{""fold"":""1"",""goal"":""0"",""hull"":""0""}"
RGB_64_T13.png,19488751,"{}",3,1,"{""name"":""point"",""cx"":626,""cy"":686}","{""fold"":""0"",""goal"":""1"",""hull"":""0""}"
RGB_64_T13.png,19488751,"{}",3,2,"{""name"":""polygon"",""all_points_x"":[1174,1338,1757,1748,1489,1230,1122,1092],""all_points_y"":[954,1040,1161,1213,1135,1118,1122,1109]}","{""fold"":""0"",""goal"":""0"",""hull"":""1""}"
RGB_65_T13.png,20239156,"{}",3,0,"{""name"":""polyline"",""all_points_x"":[945,868],""all_points_y"":[742,893]}","{""fold"":""1"",""goal"":""0"",""hull"":""0""}"
RGB_65_T13.png,20239156,"{}",3,1,"{""name"":""point"",""cx"":673,""cy"":617}","{""fold"":""0"",""goal"":""1"",""hull"":""0""}"
RGB_65_T13.png,20239156,"{}",3,2,"{""name"":""polygon"",""all_points_x"":[954,1075,1217,1049,889,868],""all_points_y"":[734,751,941,902,902,893]}","{""fold"":""0"",""goal"":""0"",""hull"":""1""}"
RGB_66_T14.png,18030704,"{}",3,0,"{""name"":""polyline"",""all_points_x"":[1791,1549],""all_points_y"":[1101,1411]}","{""fold"":""1"",""goal"":""0"",""hull"":""0""}"
RGB_66_T14.png,18030704,"{}",3,1,"{""name"":""point"",""cx"":712,""cy"":747}","{""fold"":""0"",""goal"":""1"",""hull"":""0""}"
RGB_66_T14.png,18030704,"{}",3,2,"{""name"":""polygon"",""all_points_x"":[1800,1968,2072,2158,2417,2577,2559,2240,2072,1947,1856,1558],""all_points_y"":[1101,1135,1122,1174,1204,1170,1951,1670,1580,1545,1549,1416]}","{""fold"":""0"",""goal"":""0"",""hull"":""1""}"
RGB_67_T14.png,17174356,"{}",3,0,"{""name"":""polyline"",""all_points_x"":[2102,1942],""all_points_y"":[954,1748]}","{""fold"":""1"",""goal"":""0"",""hull"":""0""}"
RGB_67_T14.png,17174356,"{}",3,1,"{""name"":""point"",""cx"":626,""cy"":695}","{""fold"":""0"",""goal"":""1"",""hull"":""0""}"
RGB_67_T14.png,17174356,"{}",3,2,"{""name"":""polygon"",""all_points_x"":[2482,2378,2106,1942,2050,2322,2499,2529,2629,2659],""all_points_y"":[643,798,950,1761,1886,2007,2167,2162,1947,1657]}","{""fold"":""0"",""goal"":""0"",""hull"":""1""}"
RGB_68_T14.png,17905421,"{}",3,0,"{""name"":""polyline"",""all_points_x"":[1666,1472],""all_points_y"":[1070,1368]}","{""fold"":""1"",""goal"":""0"",""hull"":""0""}"
RGB_68_T14.png,17905421,"{}",3,1,"{""name"":""point"",""cx"":626,""cy"":682}","{""fold"":""0"",""goal"":""1"",""hull"":""0""}"
RGB_68_T14.png,17905421,"{}",3,2,"{""name"":""polygon"",""all_points_x"":[1679,1856,2080,2275,2400,2581,2667,2663,2231,1985,1778,1644,1472],""all_points_y"":[1070,915,967,855,803,1027,1588,1627,1593,1511,1459,1437,1373]}","{""fold"":""0"",""goal"":""0"",""hull"":""1""}"
RGB_69_T14.png,19100450,"{}",3,0,"{""name"":""polyline"",""all_points_x"":[1334,1217],""all_points_y"":[919,1105]}","{""fold"":""1"",""goal"":""0"",""hull"":""0""}"
RGB_69_T14.png,19100450,"{}",3,1,"{""name"":""point"",""cx"":626,""cy"":686}","{""fold"":""0"",""goal"":""1"",""hull"":""0""}"
RGB_69_T14.png,19100450,"{}",3,2,"{""name"":""polygon"",""all_points_x"":[1342,1593,2059,2201,2370,2171,2098,1731,1519,1368,1209],""all_points_y"":[937,1023,1109,1088,1329,1364,1385,1226,1165,1165,1109]}","{""fold"":""0"",""goal"":""0"",""hull"":""1""}"
RGB_70_T14.png,20000158,"{}",3,0,"{""name"":""polyline"",""all_points_x"":[924,868],""all_points_y"":[721,859]}","{""fold"":""1"",""goal"":""0"",""hull"":""0""}"
RGB_70_T14.png,20000158,"{}",3,1,"{""name"":""point"",""cx"":626,""cy"":665}","{""fold"":""0"",""goal"":""1"",""hull"":""0""}"
RGB_70_T14.png,20000158,"{}",3,2,"{""name"":""polygon"",""all_points_x"":[928,1148,1329,1135,868],""all_points_y"":[725,902,958,945,855]}","{""fold"":""0"",""goal"":""0"",""hull"":""1""}"
RGB_71_T15.png,17298777,"{}",3,0,"{""name"":""polyline"",""all_points_x"":[2227,2249],""all_points_y"":[1178,1791]}","{""fold"":""1"",""goal"":""0"",""hull"":""0""}"
RGB_71_T15.png,17298777,"{}",3,1,"{""name"":""point"",""cx"":647,""cy"":686}","{""fold"":""0"",""goal"":""1"",""hull"":""0""}"
RGB_71_T15.png,17298777,"{}",3,2,"{""name"":""polygon"",""all_points_x"":[2486,2231,2253,2357,2344,2361,2516,2590,2616,2616,2598],""all_points_y"":[773,1178,1821,2042,2206,2335,2374,2292,2093,1442,1114]}","{""fold"":""0"",""goal"":""0"",""hull"":""1""}"
RGB_72_T15.png,17765307,"{}",3,0,"{""name"":""polyline"",""all_points_x"":[1754,1670],""all_points_y"":[1159,1498]}","{""fold"":""1"",""goal"":""0"",""hull"":""0""}"
RGB_72_T15.png,17765307,"{}",3,1,"{""name"":""point"",""cx"":613,""cy"":686}","{""fold"":""0"",""goal"":""1"",""hull"":""0""}"
RGB_72_T15.png,17765307,"{}",3,2,"{""name"":""polygon"",""all_points_x"":[1774,2365,2421,2555,2598,2413,2210,1994,1865,1675],""all_points_y"":[1161,1019,967,950,1912,1796,1718,1662,1606,1515]}","{""fold"":""0"",""goal"":""0"",""hull"":""1""}"
RGB_73_T15.png,18777923,"{}",3,0,"{""name"":""polyline"",""all_points_x"":[1373,1303],""all_points_y"":[1015,1112]}","{""fold"":""1"",""goal"":""0"",""hull"":""0""}"
RGB_73_T15.png,18777923,"{}",3,1,"{""name"":""point"",""cx"":630,""cy"":696}","{""fold"":""0"",""goal"":""1"",""hull"":""0""}"
RGB_73_T15.png,18777923,"{}",3,2,"{""name"":""polygon"",""all_points_x"":[1385,1894,1750,1533,1307,1373],""all_points_y"":[1023,1183,1284,1221,1124,1019]}","{""fold"":""0"",""goal"":""0"",""hull"":""1""}"
RGB_74_T15.png,19697763,"{}",3,0,"{""name"":""polyline"",""all_points_x"":[961,937],""all_points_y"":[801,895]}","{""fold"":""1"",""goal"":""0"",""hull"":""0""}"
RGB_74_T15.png,19697763,"{}",3,1,"{""name"":""point"",""cx"":665,""cy"":677}","{""fold"":""0"",""goal"":""1"",""hull"":""0""}"
RGB_74_T15.png,19697763,"{}",3,2,"{""name"":""polygon"",""all_points_x"":[980,1451,1579,1579,1385,1233,945,961],""all_points_y"":[805,1011,1054,1112,1027,1011,895,797]}","{""fold"":""0"",""goal"":""0"",""hull"":""1""}"
RGB_75_T16.png,17113426,"{}",3,0,"{""name"":""polyline"",""all_points_x"":[2318,2241],""all_points_y"":[1046,1778]}","{""fold"":""1"",""goal"":"""",""hull"":""""}"
RGB_75_T16.png,17113426,"{}",3,1,"{""name"":""point"",""cx"":611,""cy"":681}","{""fold"":"""",""goal"":""1"",""hull"":""""}"
RGB_75_T16.png,17113426,"{}",3,2,"{""name"":""polygon"",""all_points_x"":[2618,2451,2314,2241,2567],""all_points_y"":[770,953,1042,1778,2311]}","{""fold"":"""",""goal"":"""",""hull"":""1""}"
RGB_76_T16.png,17481972,"{}",3,0,"{""name"":""polyline"",""all_points_x"":[1971,1805],""all_points_y"":[1079,1489]}","{""fold"":""1"",""goal"":""0"",""hull"":""0""}"
RGB_76_T16.png,17481972,"{}",3,1,"{""name"":""point"",""cx"":679,""cy"":721}","{""fold"":""0"",""goal"":""1"",""hull"":""0""}"
RGB_76_T16.png,17481972,"{}",3,2,"{""name"":""polygon"",""all_points_x"":[1986,2225,2479,2635,2604,2448,1810],""all_points_y"":[1074,1115,991,897,2080,1960,1499]}","{""fold"":""0"",""goal"":""0"",""hull"":""1""}"
RGB_77_T16.png,18056504,"{}",3,0,"{""name"":""polyline"",""all_points_x"":[1623,1478],""all_points_y"":[1068,1214]}","{""fold"":""1"",""goal"":""0"",""hull"":""0""}"
RGB_77_T16.png,18056504,"{}",3,1,"{""name"":""point"",""cx"":648,""cy"":700}","{""fold"":""0"",""goal"":""1"",""hull"":""0""}"
RGB_77_T16.png,18056504,"{}",3,2,"{""name"":""polygon"",""all_points_x"":[1634,1763,2598,2640,2604,2422,1494],""all_points_y"":[1068,1157,1265,1753,1810,1675,1214]}","{""fold"":""0"",""goal"":""0"",""hull"":""1""}"
RGB_78_T16.png,19395714,"{}",3,0,"{""name"":""polyline"",""all_points_x"":[1068,1068],""all_points_y"":[959,990]}","{""fold"":""1"",""goal"":""0"",""hull"":""0""}"
RGB_78_T16.png,19395714,"{}",3,1,"{""name"":""point"",""cx"":581,""cy"":705}","{""fold"":""0"",""goal"":""1"",""hull"":""0""}"
RGB_78_T16.png,19395714,"{}",3,2,"{""name"":""polygon"",""all_points_x"":[1071,1188,1068],""all_points_y"":[962,1017,991]}","{""fold"":""0"",""goal"":""0"",""hull"":""1""}"
RGB_79_T16.png,19876843,"{}",3,0,"{""name"":""polyline"",""all_points_x"":[887,860],""all_points_y"":[747,786]}","{""fold"":""1"",""goal"":""0"",""hull"":""0""}"
RGB_79_T16.png,19876843,"{}",3,1,"{""name"":""point"",""cx"":669,""cy"":603}","{""fold"":""0"",""goal"":""1"",""hull"":""0""}"
RGB_79_T16.png,19876843,"{}",3,2,"{""name"":""polygon"",""all_points_x"":[882,895,948,946,861],""all_points_y"":[757,758,816,822,786]}","{""fold"":""0"",""goal"":""0"",""hull"":""1""}"
RGB_80_T17.png,16915483,"{}",3,0,"{""name"":""polyline"",""all_points_x"":[2318,2404],""all_points_y"":[1233,1723]}","{""fold"":""1"",""goal"":""0"",""hull"":""0""}"
RGB_80_T17.png,16915483,"{}",3,1,"{""name"":""point"",""cx"":638,""cy"":685}","{""fold"":""0"",""goal"":""1"",""hull"":""0""}"
RGB_80_T17.png,16915483,"{}",3,2,"{""name"":""polygon"",""all_points_x"":[2540,2314,2404,2532,2711,2711,2657],""all_points_y"":[817,1233,1762,2155,2322,735,704]}","{""fold"":""0"",""goal"":""0"",""hull"":""1""}"
RGB_81_T17.png,16906850,"{}",4,0,"{""name"":""polyline"",""all_points_x"":[2159,2143],""all_points_y"":[1214,1451]}","{""fold"":""1"",""goal"":""0"",""hull"":""0""}"
RGB_81_T17.png,16906850,"{}",4,1,"{""name"":""polyline"",""all_points_x"":[2307,2155],""all_points_y"":[1809,1463]}","{""fold"":""1"",""goal"":""0"",""hull"":""0""}"
RGB_81_T17.png,16906850,"{}",4,2,"{""name"":""polygon"",""all_points_x"":[2163,2311,2482,2563,2680,2684,2486,2291,2299,2139,2163],""all_points_y"":[1214,1023,899,685,720,2241,2132,1817,1789,1451,1190]}","{""fold"":""0"",""goal"":""0"",""hull"":""1""}"
RGB_81_T17.png,16906850,"{}",4,3,"{""name"":""point"",""cx"":630,""cy"":696}","{""fold"":""0"",""goal"":""1"",""hull"":""0""}"
RGB_82_T17.png,17193296,"{}",4,0,"{""name"":""polyline"",""all_points_x"":[1863,1887],""all_points_y"":[1369,1657]}","{""fold"":""1"",""goal"":""0"",""hull"":""0""}"
RGB_82_T17.png,17193296,"{}",4,1,"{""name"":""polyline"",""all_points_x"":[1999,1855],""all_points_y"":[1163,1361]}","{""fold"":""1"",""goal"":""0"",""hull"":""0""}"
RGB_82_T17.png,17193296,"{}",4,2,"{""name"":""point"",""cx"":622,""cy"":696}","{""fold"":""0"",""goal"":""1"",""hull"":""0""}"
RGB_82_T17.png,17193296,"{}",4,3,"{""name"":""polygon"",""all_points_x"":[2493,2225,1984,1852,1887,2116,2365,2665,2731,2711,2703,2548],""all_points_y"":[716,937,1179,1361,1642,1778,1782,1898,1914,840,747,755]}","{""fold"":""0"",""goal"":""0"",""hull"":""1""}"
RGB_83_T17.png,18778312,"{}",3,0,"{""name"":""polyline"",""all_points_x"":[1642,1466],""all_points_y"":[945,1159]}","{""fold"":""1"",""goal"":""0"",""hull"":""0""}"
RGB_83_T17.png,18778312,"{}",3,1,"{""name"":""point"",""cx"":595,""cy"":673}","{""fold"":""0"",""goal"":""1"",""hull"":""0""}"
RGB_83_T17.png,18778312,"{}",3,2,"{""name"":""polygon"",""all_points_x"":[1642,1933,1949,1906,1731,1466],""all_points_y"":[941,1039,1062,1144,1124,1163]}","{""fold"":""0"",""goal"":""0"",""hull"":""1""}"
RGB_84_T17.png,19922695,"{}",3,0,"{""name"":""polyline"",""all_points_x"":[1077,1081],""all_points_y"":[836,883]}","{""fold"":""1"",""goal"":""0"",""hull"":""0""}"
RGB_84_T17.png,19922695,"{}",3,1,"{""name"":""point"",""cx"":653,""cy"":634}","{""fold"":""0"",""goal"":""1"",""hull"":""0""}"
RGB_84_T17.png,19922695,"{}",3,2,"{""name"":""polygon"",""all_points_x"":[1074,1206,1077],""all_points_y"":[832,914,879]}","{""fold"":""0"",""goal"":""0"",""hull"":""1""}"
RGB_85_T17.png,19954222,"{}",3,0,"{""name"":""polyline"",""all_points_x"":[840,778],""all_points_y"":[685,766]}","{""fold"":""1"",""goal"":""0"",""hull"":""0""}"
RGB_85_T17.png,19954222,"{}",3,1,"{""name"":""point"",""cx"":653,""cy"":545}","{""fold"":""0"",""goal"":""1"",""hull"":""0""}"
RGB_85_T17.png,19954222,"{}",3,2,"{""name"":""polygon"",""all_points_x"":[848,949,1070,1214,1183,778],""all_points_y"":[696,755,786,899,906,770]}","{""fold"":""0"",""goal"":""0"",""hull"":""1""}"
RGB_86_T18.png,16957983,"{}",3,0,"{""name"":""polyline"",""all_points_x"":[2381,2404],""all_points_y"":[1062,1797]}","{""fold"":""1"",""goal"":""0"",""hull"":""0""}"
RGB_86_T18.png,16957983,"{}",3,1,"{""name"":""point"",""cx"":646,""cy"":735}","{""fold"":""0"",""goal"":""1"",""hull"":""0""}"
RGB_86_T18.png,16957983,"{}",3,2,"{""name"":""polygon"",""all_points_x"":[2528,2388,2400,2517,2571,2633,2703,2571],""all_points_y"":[599,1066,1820,2260,2384,2384,2349,580]}","{""fold"":""0"",""goal"":""0"",""hull"":""1""}"
RGB_87_T18.png,17389764,"{}",3,0,"{""name"":""polyline"",""all_points_x"":[1957,1836],""all_points_y"":[1019,1564]}","{""fold"":""1"",""goal"":""0"",""hull"":""0""}"
RGB_87_T18.png,17389764,"{}",3,1,"{""name"":""point"",""cx"":661,""cy"":743}","{""fold"":""0"",""goal"":""1"",""hull"":""0""}"
RGB_87_T18.png,17389764,"{}",3,2,"{""name"":""polygon"",""all_points_x"":[1957,2299,2454,2610,2630,2373,2128,1988,1824],""all_points_y"":[1000,891,790,829,1879,1735,1684,1684,1575]}","{""fold"":""0"",""goal"":""0"",""hull"":""1""}"
RGB_88_T18.png,18179703,"{}",3,0,"{""name"":""polyline"",""all_points_x"":[1529,1478],""all_points_y"":[976,1167]}","{""fold"":""1"",""goal"":""0"",""hull"":""0""}"
RGB_88_T18.png,18179703,"{}",3,1,"{""name"":""point"",""cx"":673,""cy"":759}","{""fold"":""0"",""goal"":""1"",""hull"":""0""}"
RGB_88_T18.png,18179703,"{}",3,2,"{""name"":""polygon"",""all_points_x"":[1533,2023,2128,2279,2431,2528,2606,2610,2563,2431,2244,2058,1809,1474],""all_points_y"":[965,1039,1031,1081,1237,1284,1447,1704,1723,1688,1583,1494,1424,1167]}","{""fold"":""0"",""goal"":""0"",""hull"":""1""}"
RGB_89_T18.png,19160765,"{}",3,0,"{""name"":""polyline"",""all_points_x"":[1124,1109],""all_points_y"":[840,945]}","{""fold"":""1"",""goal"":""0"",""hull"":""0""}"
RGB_89_T18.png,19160765,"{}",3,1,"{""name"":""point"",""cx"":646,""cy"":731}","{""fold"":""0"",""goal"":""1"",""hull"":""0""}"
RGB_89_T18.png,19160765,"{}",3,2,"{""name"":""polygon"",""all_points_x"":[1140,1319,1428,1747,1805,1797,1735,1587,1389,1112,1125],""all_points_y"":[848,922,1023,1112,1151,1194,1268,1233,1109,946,841]}","{""fold"":""0"",""goal"":""0"",""hull"":""1""}"
RGB_90_T18.png,19633605,"{}",3,0,"{""name"":""polyline"",""all_points_x"":[965,945],""all_points_y"":[735,778]}","{""fold"":""1"",""goal"":""0"",""hull"":""0""}"
RGB_90_T18.png,19633605,"{}",3,1,"{""name"":""point"",""cx"":751,""cy"":591}","{""fold"":""0"",""goal"":""1"",""hull"":""0""}"
RGB_90_T18.png,19633605,"{}",3,2,"{""name"":""polygon"",""all_points_x"":[969,1171,1416,1677,1859,2030,2155,2155,2112,1859,1782,1564,1042,945],""all_points_y"":[735,848,976,1070,1132,1221,1330,1365,1369,1260,1218,1183,805,774]}","{""fold"":""0"",""goal"":""0"",""hull"":""1""}"
RGB_91_T19.png,17097012,"{}",3,0,"{""name"":""polyline"",""all_points_x"":[2384,2322],""all_points_y"":[1070,1739]}","{""fold"":""1"",""goal"":""0"",""hull"":""0""}"
RGB_91_T19.png,17097012,"{}",3,1,"{""name"":""point"",""cx"":665,""cy"":735}","{""fold"":""0"",""goal"":""1"",""hull"":""0""}"
RGB_91_T19.png,17097012,"{}",3,2,"{""name"":""polygon"",""all_points_x"":[2583,2377,2318,2482,2556,2637,2723],""all_points_y"":[766,1081,1750,2237,2404,1077,817]}","{""fold"":""0"",""goal"":""0"",""hull"":""1""}"
RGB_92_T19.png,17104674,"{}",3,0,"{""name"":""polyline"",""all_points_x"":[2388,2322],""all_points_y"":[1070,1743]}","{""fold"":""1"",""goal"":""0"",""hull"":""0""}"
RGB_92_T19.png,17104674,"{}",3,1,"{""name"":""point"",""cx"":724,""cy"":743}","{""fold"":""0"",""goal"":""1"",""hull"":""0""}"
RGB_92_T19.png,17104674,"{}",3,2,"{""name"":""polygon"",""all_points_x"":[2587,2384,2322,2489,2571,2645,2711,2738],""all_points_y"":[759,1077,1766,2276,2443,1101,926,801]}","{""fold"":""0"",""goal"":""0"",""hull"":""1""}"
RGB_93_T19.png,18026288,"{}",3,0,"{""name"":""polyline"",""all_points_x"":[1552,1801],""all_points_y"":[1400,1097]}","{""fold"":""1"",""goal"":""0"",""hull"":""0""}"
RGB_93_T19.png,18026288,"{}",3,1,"{""name"":""point"",""cx"":716,""cy"":751}","{""fold"":""0"",""goal"":""1"",""hull"":""0""}"
RGB_93_T19.png,18026288,"{}",3,2,"{""name"":""polygon"",""all_points_x"":[1809,1941,2073,2213,2451,2560,2606,2571,2377,2190,2019,1855,1544],""all_points_y"":[1089,1140,1132,1186,1190,1159,1159,1929,1774,1622,1540,1529,1396]}","{""fold"":""0"",""goal"":""0"",""hull"":""1""}"
RGB_94_T19.png,18975937,"{}",3,0,"{""name"":""polyline"",""all_points_x"":[1214,1186],""all_points_y"":[969,1140]}","{""fold"":""1"",""goal"":""0"",""hull"":""0""}"
RGB_94_T19.png,18975937,"{}",3,1,"{""name"":""point"",""cx"":759,""cy"":759}","{""fold"":""0"",""goal"":""1"",""hull"":""0""}"
RGB_94_T19.png,18975937,"{}",3,2,"{""name"":""polygon"",""all_points_x"":[1218,1556,1719,1875,1992,2244,2404,2423,1968,1649,1548,1190],""all_points_y"":[965,1120,1120,1186,1179,1260,1284,1774,1455,1303,1299,1140]}","{""fold"":""0"",""goal"":""0"",""hull"":""1""}"
RGB_95_T19.png,19775182,"{}",3,0,"{""name"":""polyline"",""all_points_x"":[1077,1031],""all_points_y"":[871,957]}","{""fold"":""1"",""goal"":""0"",""hull"":""0""}"
RGB_95_T19.png,19775182,"{}",3,1,"{""name"":""point"",""cx"":677,""cy"":700}","{""fold"":""0"",""goal"":""1"",""hull"":""0""}"
RGB_95_T19.png,19775182,"{}",3,2,"{""name"":""polygon"",""all_points_x"":[1074,1155,1101,1035],""all_points_y"":[875,957,988,965]}","{""fold"":""0"",""goal"":""0"",""hull"":""1""}"
RGB_96_T19.png,19965963,"{}",3,0,"{""name"":""polyline"",""all_points_x"":[871,918],""all_points_y"":[809,755]}","{""fold"":""1"",""goal"":""0"",""hull"":""0""}"
RGB_96_T19.png,19965963,"{}",3,1,"{""name"":""point"",""cx"":762,""cy"":615}","{""fold"":""0"",""goal"":""1"",""hull"":""0""}"
RGB_96_T19.png,19965963,"{}",3,2,"{""name"":""polygon"",""all_points_x"":[914,1058,1027,871],""all_points_y"":[759,871,891,809]}","{""fold"":""0"",""goal"":""0"",""hull"":""1""}"
RGB_97_T20.png,17491955,"{}",5,0,"{""name"":""polyline"",""all_points_x"":[2427,2303],""all_points_y"":[1163,1361]}","{""fold"":""1"",""goal"":""0"",""hull"":""0""}"
RGB_97_T20.png,17491955,"{}",5,1,"{""name"":""polyline"",""all_points_x"":[2303,2311],""all_points_y"":[1556,1346]}","{""fold"":""1"",""goal"":""0"",""hull"":""0""}"
RGB_97_T20.png,17491955,"{}",5,2,"{""name"":""polyline"",""all_points_x"":[2361,2307],""all_points_y"":[1894,1544]}","{""fold"":""1"",""goal"":""0"",""hull"":""0""}"
RGB_97_T20.png,17491955,"{}",5,3,"{""name"":""point"",""cx"":712,""cy"":871}","{""fold"":""0"",""goal"":""1"",""hull"":""0""}"
RGB_97_T20.png,17491955,"{}",5,4,"{""name"":""polygon"",""all_points_x"":[2435,2633,2470,2365,2311,2311],""all_points_y"":[1136,1019,2209,1887,1536,1354]}","{""fold"":""0"",""goal"":""0"",""hull"":""1""}"
RGB_98_T20.png,17789739,"{}",3,0,"{""name"":""polyline"",""all_points_x"":[1925,1964],""all_points_y"":[1509,1358]}","{""fold"":""1"",""goal"":""0"",""hull"":""0""}"
RGB_98_T20.png,17789739,"{}",3,1,"{""name"":""point"",""cx"":716,""cy"":879}","{""fold"":""0"",""goal"":""1"",""hull"":""0""}"
RGB_98_T20.png,17789739,"{}",3,2,"{""name"":""polygon"",""all_points_x"":[2174,1960,1929,2416,2427,2470,2622,2672,2633,2470,2408,2349],""all_points_y"":[1128,1361,1521,2027,2104,2248,1011,918,910,1116,1144,1155]}","{""fold"":""0"",""goal"":""0"",""hull"":""1""}"
RGB_99_T20.png,18256677,"{}",3,0,"{""name"":""polyline"",""all_points_x"":[1533,1447],""all_points_y"":[1097,1288]}","{""fold"":""1"",""goal"":""0"",""hull"":""0""}"
RGB_99_T20.png,18256677,"{}",3,1,"{""name"":""point"",""cx"":700,""cy"":871}","{""fold"":""0"",""goal"":""1"",""hull"":""0""}"
RGB_99_T20.png,18256677,"{}",3,2,"{""name"":""polygon"",""all_points_x"":[1544,1610,1855,2116,2571,2497,2171,1890,1618,1439,1533],""all_points_y"":[1101,1112,1237,1221,1074,1875,1634,1486,1393,1291,1093]}","{""fold"":""0"",""goal"":""0"",""hull"":""1""}"
RGB_100_T20.png,18752488,"{}",3,0,"{""name"":""polyline"",""all_points_x"":[1136,1124],""all_points_y"":[972,1077]}","{""fold"":""1"",""goal"":""0"",""hull"":""0""}"
RGB_100_T20.png,18752488,"{}",3,1,"{""name"":""point"",""cx"":716,""cy"":867}","{""fold"":""0"",""goal"":""1"",""hull"":""0""}"
RGB_100_T20.png,18752488,"{}",3,2,"{""name"":""polygon"",""all_points_x"":[1148,1291,1486,1809,2085,2525,2489,1925,1657,1400,1120,1140],""all_points_y"":[976,1011,1093,1186,1214,1307,1669,1412,1299,1218,1077,972]}","{""fold"":""0"",""goal"":""0"",""hull"":""1""}"
RGB_101_T20.png,19283303,"{}",3,0,"{""name"":""polyline"",""all_points_x"":[1035,992],""all_points_y"":[825,864]}","{""fold"":""1"",""goal"":""0"",""hull"":""0""}"
RGB_101_T20.png,19283303,"{}",3,1,"{""name"":""point"",""cx"":809,""cy"":739}","{""fold"":""0"",""goal"":""1"",""hull"":""0""}"
RGB_101_T20.png,19283303,"{}",3,2,"{""name"":""polygon"",""all_points_x"":[1035,1288,1342,1323,1144,984,1039],""all_points_y"":[836,937,1023,1050,937,867,832]}","{""fold"":""0"",""goal"":""0"",""hull"":""1""}"
RGB_102_T21.png,17107320,"{}",3,0,"{""name"":""polyline"",""all_points_x"":[2303,2260],""all_points_y"":[1175,1820]}","{""fold"":""1"",""goal"":""0"",""hull"":""0""}"
RGB_102_T21.png,17107320,"{}",3,1,"{""name"":""point"",""cx"":665,""cy"":856}","{""fold"":""0"",""goal"":""1"",""hull"":""0""}"
RGB_102_T21.png,17107320,"{}",3,2,"{""name"":""polygon"",""all_points_x"":[2314,2462,2684,2731,2661,2630,2513,2404,2268],""all_points_y"":[1167,1140,976,972,2400,2470,2419,2291,1824]}","{""fold"":""0"",""goal"":""0"",""hull"":""1""}"
RGB_103_T21.png,17364573,"{}",3,0,"{""name"":""polyline"",""all_points_x"":[2163,1902],""all_points_y"":[1128,1533]}","{""fold"":""1"",""goal"":""0"",""hull"":""0""}"
RGB_103_T21.png,17364573,"{}",3,1,"{""name"":""point"",""cx"":712,""cy"":867}","{""fold"":""0"",""goal"":""1"",""hull"":""0""}"
RGB_103_T21.png,17364573,"{}",3,2,"{""name"":""polygon"",""all_points_x"":[2178,2303,2715,2684,2486,2408,2264,1902,2163],""all_points_y"":[1144,1155,1035,2163,2034,1992,1957,1544,1124]}","{""fold"":""0"",""goal"":""0"",""hull"":""1""}"
RGB_104_T21.png,18023565,"{}",3,0,"{""name"":""polyline"",""all_points_x"":[1579,1505],""all_points_y"":[1039,1272]}","{""fold"":""1"",""goal"":""0"",""hull"":""0""}"
RGB_104_T21.png,18023565,"{}",3,1,"{""name"":""point"",""cx"":685,""cy"":871}","{""fold"":""0"",""goal"":""1"",""hull"":""0""}"
RGB_104_T21.png,18023565,"{}",3,2,"{""name"":""polygon"",""all_points_x"":[1583,1677,1774,1929,2610,2707,2692,2264,2147,1992,1692,1501],""all_points_y"":[1042,1011,1093,1128,1354,1498,1902,1657,1603,1595,1420,1276]}","{""fold"":""0"",""goal"":""0"",""hull"":""1""}"
RGB_105_T21.png,19136721,"{}",3,0,"{""name"":""polyline"",""all_points_x"":[1225,1179],""all_points_y"":[976,1066]}","{""fold"":""1"",""goal"":""0"",""hull"":""0""}"
RGB_105_T21.png,19136721,"{}",3,1,"{""name"":""point"",""cx"":739,""cy"":871}","{""fold"":""0"",""goal"":""1"",""hull"":""0""}"
RGB_105_T21.png,19136721,"{}",3,2,"{""name"":""polygon"",""all_points_x"":[1229,1358,1330,1183],""all_points_y"":[972,1109,1140,1066]}","{""fold"":""0"",""goal"":""0"",""hull"":""1""}"
RGB_106_T21.png,19596324,"{}",3,0,"{""name"":""polyline"",""all_points_x"":[945,906],""all_points_y"":[813,910]}","{""fold"":""1"",""goal"":""0"",""hull"":""0""}"
RGB_106_T21.png,19596324,"{}",3,1,"{""name"":""point"",""cx"":739,""cy"":774}","{""fold"":""0"",""goal"":""1"",""hull"":""0""}"
RGB_106_T21.png,19596324,"{}",3,2,"{""name"":""polygon"",""all_points_x"":[941,1128,1377,1338,1179,1058,902],""all_points_y"":[809,937,1035,1081,1027,992,906]}","{""fold"":""0"",""goal"":""0"",""hull"":""1""}"
RGB_107_T22.png,17272174,"{}",4,0,"{""name"":""polyline"",""all_points_x"":[2357,2299],""all_points_y"":[1050,1638]}","{""fold"":""1"",""goal"":""0"",""hull"":""0""}"
RGB_107_T22.png,17272174,"{}",4,1,"{""name"":""polyline"",""all_points_x"":[2353,2299],""all_points_y"":[1809,1638]}","{""fold"":""1"",""goal"":""0"",""hull"":""0""}"
RGB_107_T22.png,17272174,"{}",4,2,"{""name"":""point"",""cx"":692,""cy"":879}","{""fold"":""0"",""goal"":""1"",""hull"":""0""}"
RGB_107_T22.png,17272174,"{}",4,3,"{""name"":""polygon"",""all_points_x"":[2369,2731,2770,2692,2614,2353,2295,2361],""all_points_y"":[1035,899,949,1128,2412,1809,1626,1046]}","{""fold"":""0"",""goal"":""0"",""hull"":""1""}"
RGB_108_T22.png,17419410,"{}",3,0,"{""name"":""polyline"",""all_points_x"":[2139,2023],""all_points_y"":[1136,1665]}","{""fold"":""1"",""goal"":""0"",""hull"":""0""}"
RGB_108_T22.png,17419410,"{}",3,1,"{""name"":""point"",""cx"":708,""cy"":871}","{""fold"":""0"",""goal"":""1"",""hull"":""0""}"
RGB_108_T22.png,17419410,"{}",3,2,"{""name"":""polygon"",""all_points_x"":[2151,2225,2478,2700,2626,2525,2023],""all_points_y"":[1148,1054,1035,930,2307,2120,1665]}","{""fold"":""0"",""goal"":""0"",""hull"":""1""}"
RGB_109_T22.png,18098619,"{}",3,0,"{""name"":""polyline"",""all_points_x"":[1766,1630],""all_points_y"":[1081,1412]}","{""fold"":""1"",""goal"":""0"",""hull"":""0""}"
RGB_109_T22.png,18098619,"{}",3,1,"{""name"":""point"",""cx"":692,""cy"":871}","{""fold"":""0"",""goal"":""1"",""hull"":""0""}"
RGB_109_T22.png,18098619,"{}",3,2,"{""name"":""polygon"",""all_points_x"":[1774,1887,2322,2641,2641,1626],""all_points_y"":[1089,1070,1299,1319,1937,1416]}","{""fold"":""0"",""goal"":""0"",""hull"":""1""}"
RGB_110_T22.png,19023395,"{}",3,0,"{""name"":""polyline"",""all_points_x"":[1241,1342],""all_points_y"":[1112,972]}","{""fold"":""1"",""goal"":""0"",""hull"":""0""}"
RGB_110_T22.png,19023395,"{}",3,1,"{""name"":""point"",""cx"":739,""cy"":871}","{""fold"":""0"",""goal"":""1"",""hull"":""0""}"
RGB_110_T22.png,19023395,"{}",3,2,"{""name"":""polygon"",""all_points_x"":[1346,1556,1793,1918,1774,1241,1342],""all_points_y"":[984,1031,1159,1229,1326,1116,972]}","{""fold"":""0"",""goal"":""0"",""hull"":""1""}"
RGB_111_T22.png,19875097,"{}",3,0,"{""name"":""polyline"",""all_points_x"":[1007,1058],""all_points_y"":[906,832]}","{""fold"":""1"",""goal"":""0"",""hull"":""0""}"
RGB_111_T22.png,19875097,"{}",3,1,"{""name"":""point"",""cx"":770,""cy"":766}","{""fold"":""0"",""goal"":""1"",""hull"":""0""}"
RGB_111_T22.png,19875097,"{}",3,2,"{""name"":""polygon"",""all_points_x"":[1062,1264,1342,1431,1015,1050],""all_points_y"":[840,937,957,1085,906,829]}","{""fold"":""0"",""goal"":""0"",""hull"":""1""}"
RGB_112_T23.png,17520891,"{}",3,0,"{""name"":""polyline"",""all_points_x"":[2248,2377],""all_points_y"":[1723,1307]}","{""fold"":""1"",""goal"":""0"",""hull"":""0""}"
RGB_112_T23.png,17520891,"{}",3,1,"{""name"":""point"",""cx"":661,""cy"":864}","{""fold"":""0"",""goal"":""1"",""hull"":""0""}"
RGB_112_T23.png,17520891,"{}",3,2,"{""name"":""polygon"",""all_points_x"":[2381,2614,2618,2353,2252],""all_points_y"":[1311,965,2346,1992,1731]}","{""fold"":""0"",""goal"":""0"",""hull"":""1""}"
RGB_113_T23.png,17553027,"{}",3,0,"{""name"":""polyline"",""all_points_x"":[1992,2190],""all_points_y"":[1591,1151]}","{""fold"":""1"",""goal"":""0"",""hull"":""0""}"
RGB_113_T23.png,17553027,"{}",3,1,"{""name"":""point"",""cx"":564,""cy"":848}","{""fold"":""0"",""goal"":""1"",""hull"":""0""}"
RGB_113_T23.png,17553027,"{}",3,2,"{""name"":""polygon"",""all_points_x"":[2190,2237,2497,2591,2598,2509,2330,1988],""all_points_y"":[1163,1085,972,825,2159,2034,1925,1610]}","{""fold"":""0"",""goal"":""0"",""hull"":""1""}"
RGB_114_T23.png,17764006,"{}",3,0,"{""name"":""polyline"",""all_points_x"":[2066,1855],""all_points_y"":[1148,1505]}","{""fold"":""1"",""goal"":""0"",""hull"":""0""}"
RGB_114_T23.png,17764006,"{}",3,1,"{""name"":""point"",""cx"":580,""cy"":864}","{""fold"":""0"",""goal"":""1"",""hull"":""0""}"
RGB_114_T23.png,17764006,"{}",3,2,"{""name"":""polygon"",""all_points_x"":[2073,2369,2517,2598,2614,2489,2377,2209,2108,1867,1859],""all_points_y"":[1151,1120,992,786,2120,1949,1887,1809,1735,1521,1498]}","{""fold"":""0"",""goal"":""0"",""hull"":""1""}"
RGB_115_T23.png,18976409,"{}",3,0,"{""name"":""polyline"",""all_points_x"":[1591,1552],""all_points_y"":[1198,1050]}","{""fold"":""1"",""goal"":""0"",""hull"":""0""}"
RGB_115_T23.png,18976409,"{}",3,1,"{""name"":""point"",""cx"":587,""cy"":856}","{""fold"":""0"",""goal"":""1"",""hull"":""0""}"
RGB_115_T23.png,18976409,"{}",3,2,"{""name"":""polygon"",""all_points_x"":[1560,1688,1809,1715,1583],""all_points_y"":[1050,1097,1109,1241,1194]}","{""fold"":""0"",""goal"":""0"",""hull"":""1""}"
RGB_116_T23.png,19723667,"{}",3,0,"{""name"":""polyline"",""all_points_x"":[1163,1151],""all_points_y"":[934,1039]}","{""fold"":""1"",""goal"":""0"",""hull"":""0""}"
RGB_116_T23.png,19723667,"{}",3,1,"{""name"":""point"",""cx"":576,""cy"":844}","{""fold"":""0"",""goal"":""1"",""hull"":""0""}"
RGB_116_T23.png,19723667,"{}",3,2,"{""name"":""polygon"",""all_points_x"":[1167,1225,1400,1155],""all_points_y"":[941,961,1093,1039]}","{""fold"":""0"",""goal"":""0"",""hull"":""1""}"
RGB_117_T23.png,20249630,"{}",3,0,"{""name"":""polyline"",""all_points_x"":[879,879],""all_points_y"":[844,906]}","{""fold"":""1"",""goal"":""0"",""hull"":""0""}"
RGB_117_T23.png,20249630,"{}",3,1,"{""name"":""point"",""cx"":603,""cy"":716}","{""fold"":""0"",""goal"":""1"",""hull"":""0""}"
RGB_117_T23.png,20249630,"{}",3,2,"{""name"":""polygon"",""all_points_x"":[879,1062,879],""all_points_y"":[840,953,910]}","{""fold"":""0"",""goal"":""0"",""hull"":""1""}"
RGB_118_T24.png,17136803,"{}",3,0,"{""name"":""polyline"",""all_points_x"":[2217,2202],""all_points_y"":[1202,1797]}","{""fold"":""1"",""goal"":""0"",""hull"":""0""}"
RGB_118_T24.png,17136803,"{}",3,1,"{""name"":""point"",""cx"":548,""cy"":891}","{""fold"":""0"",""goal"":""1"",""hull"":""0""}"
RGB_118_T24.png,17136803,"{}",3,2,"{""name"":""polygon"",""all_points_x"":[2217,2474,2637,2641,2571,2482,2423,2346,2287,2194],""all_points_y"":[1194,1015,821,2404,2454,2447,2404,2248,1910,1793]}","{""fold"":""0"",""goal"":""0"",""hull"":""1""}"
RGB_119_T24.png,17369737,"{}",3,0,"{""name"":""polyline"",""all_points_x"":[2023,1902],""all_points_y"":[1194,1684]}","{""fold"":""1"",""goal"":""0"",""hull"":""0""}"
RGB_119_T24.png,17369737,"{}",3,1,"{""name"":""point"",""cx"":537,""cy"":891}","{""fold"":""0"",""goal"":""1"",""hull"":""0""}"
RGB_119_T24.png,17369737,"{}",3,2,"{""name"":""polygon"",""all_points_x"":[2023,2287,2657,2676,2525,2338,1906],""all_points_y"":[1190,1136,922,2225,2159,2101,1692]}","{""fold"":""0"",""goal"":""0"",""hull"":""1""}"
RGB_120_T24.png,18143211,"{}",3,0,"{""name"":""polyline"",""all_points_x"":[1610,1513],""all_points_y"":[1140,1338]}","{""fold"":""1"",""goal"":""0"",""hull"":""0""}"
RGB_120_T24.png,18143211,"{}",3,1,"{""name"":""point"",""cx"":529,""cy"":891}","{""fold"":""0"",""goal"":""1"",""hull"":""0""}"
RGB_120_T24.png,18143211,"{}",3,2,"{""name"":""polygon"",""all_points_x"":[1618,2637,2688,2680,2023,1875,1517],""all_points_y"":[1136,1365,1420,1852,1552,1533,1342]}","{""fold"":""0"",""goal"":""0"",""hull"":""1""}"
RGB_121_T24.png,19474686,"{}",4,0,"{""name"":""polyline"",""all_points_x"":[1093,1058],""all_points_y"":[1015,1042]}","{""fold"":""1"",""goal"":""0"",""hull"":""0""}"
RGB_121_T24.png,19474686,"{}",4,1,"{""name"":""polyline"",""all_points_x"":[1076,1058],""all_points_y"":[1079,1037]}","{""fold"":""1"",""goal"":""0"",""hull"":""0""}"
RGB_121_T24.png,19474686,"{}",4,2,"{""name"":""point"",""cx"":537,""cy"":879}","{""fold"":""0"",""goal"":""1"",""hull"":""0""}"
RGB_121_T24.png,19474686,"{}",4,3,"{""name"":""polygon"",""all_points_x"":[1100,1333,1693,1499,1380,1271,1074,1061],""all_points_y"":[1011,1123,1263,1206,1201,1151,1089,1042]}","{""fold"":""9"",""goal"":""0"",""hull"":""1""}"
RGB_122_T24.png,19834456,"{}",3,0,"{""name"":""polyline"",""all_points_x"":[835,799],""all_points_y"":[794,864]}","{""fold"":""1"",""goal"":""0"",""hull"":""0""}"
RGB_122_T24.png,19834456,"{}",3,1,"{""name"":""point"",""cx"":568,""cy"":705}","{""fold"":""0"",""goal"":""1"",""hull"":""0""}"
RGB_122_T24.png,19834456,"{}",3,2,"{""name"":""polygon"",""all_points_x"":[843,1211,1260,993,801,835],""all_points_y"":[801,1048,1105,993,861,791]}","{""fold"":""0"",""goal"":""0"",""hull"":""1""}"
RGB_123_T25.png,17661100,"{}",4,0,"{""name"":""polyline"",""all_points_x"":[2295,2314],""all_points_y"":[1377,1665]}","{""fold"":""1"",""goal"":""0"",""hull"":""0""}"
RGB_123_T25.png,17661100,"{}",4,1,"{""name"":""polyline"",""all_points_x"":[2252,2318],""all_points_y"":[1894,1665]}","{""fold"":""1"",""goal"":""0"",""hull"":""0""}"
RGB_123_T25.png,17661100,"{}",4,2,"{""name"":""point"",""cx"":545,""cy"":879}","{""fold"":""0"",""goal"":""1"",""hull"":""0""}"
RGB_123_T25.png,17661100,"{}",4,3,"{""name"":""polygon"",""all_points_x"":[2299,2583,2598,2587,2560,2486,2256,2318],""all_points_y"":[1373,1128,1533,1793,2283,2268,1902,1661]}","{""fold"":""0"",""goal"":""0"",""hull"":""1""}"
RGB_124_T25.png,18416500,"{}",3,0,"{""name"":""polyline"",""all_points_x"":[1766,1688],""all_points_y"":[1210,1466]}","{""fold"":""1"",""goal"":""0"",""hull"":""0""}"
RGB_124_T25.png,18416500,"{}",3,1,"{""name"":""point"",""cx"":533,""cy"":875}","{""fold"":""0"",""goal"":""1"",""hull"":""0""}"
RGB_124_T25.png,18416500,"{}",3,2,"{""name"":""polygon"",""all_points_x"":[1770,2093,2299,2540,2587,2571,2291,1988,1867,1739,1688],""all_points_y"":[1214,1237,1124,867,1319,1715,1634,1517,1482,1490,1463]}","{""fold"":""0"",""goal"":""0"",""hull"":""1""}"
RGB_125_T25.png,19055201,"{}",3,0,"{""name"":""polyline"",""all_points_x"":[1315,1245],""all_points_y"":[1074,1186]}","{""fold"":""1"",""goal"":""0"",""hull"":""0""}"
RGB_125_T25.png,19055201,"{}",3,1,"{""name"":""point"",""cx"":548,""cy"":860}","{""fold"":""0"",""goal"":""1"",""hull"":""0""}"
RGB_125_T25.png,19055201,"{}",3,2,"{""name"":""polygon"",""all_points_x"":[1319,1404,1303,1256,1249],""all_points_y"":[1081,1128,1206,1190,1186]}","{""fold"":""0"",""goal"":""0"",""hull"":""1""}"
RGB_126_T25.png,19254877,"{}",3,0,"{""name"":""polyline"",""all_points_x"":[1035,1054],""all_points_y"":[1039,976]}","{""fold"":""1"",""goal"":""0"",""hull"":""0""}"
RGB_126_T25.png,19254877,"{}",3,1,"{""name"":""point"",""cx"":533,""cy"":856}","{""fold"":""0"",""goal"":""1"",""hull"":""0""}"
RGB_126_T25.png,19254877,"{}",3,2,"{""name"":""polygon"",""all_points_x"":[1074,1338,1245,1031],""all_points_y"":[992,1109,1109,1046]}","{""fold"":""0"",""goal"":""0"",""hull"":""1""}"
RGB_127_T25.png,19711394,"{}",3,0,"{""name"":""polyline"",""all_points_x"":[778,871],""all_points_y"":[891,829]}","{""fold"":""1"",""goal"":""0"",""hull"":""0""}"
RGB_127_T25.png,19711394,"{}",3,1,"{""name"":""point"",""cx"":510,""cy"":774}","{""fold"":""0"",""goal"":""1"",""hull"":""0""}"
RGB_127_T25.png,19711394,"{}",3,2,"{""name"":""polygon"",""all_points_x"":[871,1342,1385,1179,996,774],""all_points_y"":[840,957,1015,980,988,899]}","{""fold"":""0"",""goal"":""0"",""hull"":""1""}"
RGB_128_T26.png,17729941,"{}",5,0,"{""name"":""polyline"",""all_points_x"":[2147,2147],""all_points_y"":[1361,1416]}","{""fold"":""1"",""goal"":""0"",""hull"":""0""}"
RGB_128_T26.png,17729941,"{}",5,1,"{""name"":""polyline"",""all_points_x"":[2244,2206],""all_points_y"":[1750,1463]}","{""fold"":""1"",""goal"":""0"",""hull"":""0""}"
RGB_128_T26.png,17729941,"{}",5,2,"{""name"":""polyline"",""all_points_x"":[2147,2217],""all_points_y"":[1416,1470]}","{""fold"":""1"",""goal"":""0"",""hull"":""0""}"
RGB_128_T26.png,17729941,"{}",5,3,"{""name"":""point"",""cx"":692,""cy"":918}","{""fold"":""0"",""goal"":""1"",""hull"":""0""}"
RGB_128_T26.png,17729941,"{}",5,4,"{""name"":""polygon"",""all_points_x"":[2221,2447,2626,2626,2571,2513,2552,2552,2579,2513,2419,2244,2213,2150,2149],""all_points_y"":[1268,1031,844,1011,1066,1482,1521,1665,1898,2326,2030,1747,1470,1415,1361]}","{""fold"":""0"",""goal"":""0"",""hull"":""1""}"
RGB_129_T26.png,18411293,"{}",4,0,"{""name"":""polyline"",""all_points_x"":[1748,1678],""all_points_y"":[1250,1496]}","{""fold"":""1"",""goal"":""0"",""hull"":""0""}"
RGB_129_T26.png,18411293,"{}",4,1,"{""name"":""polyline"",""all_points_x"":[1753,1849],""all_points_y"":[1250,1193]}","{""fold"":""1"",""goal"":""0"",""hull"":""0""}"
RGB_129_T26.png,18411293,"{}",4,2,"{""name"":""point"",""cx"":677,""cy"":913}","{""fold"":""0"",""goal"":""1"",""hull"":""0""}"
RGB_129_T26.png,18411293,"{}",4,3,"{""name"":""polygon"",""all_points_x"":[1857,2464,2547,2508,2547,2552,2305,1989,1763,1675,1750],""all_points_y"":[1198,1255,1162,1496,1530,1846,1732,1608,1569,1509,1258]}","{""fold"":""0"",""goal"":""0"",""hull"":""1""}"
RGB_130_T26.png,18750110,"{}",4,0,"{""name"":""polyline"",""all_points_x"":[1444,1400],""all_points_y"":[1107,1133]}","{""fold"":""1"",""goal"":""0"",""hull"":""0""}"
RGB_130_T26.png,18750110,"{}",4,1,"{""name"":""polyline"",""all_points_x"":[1351,1403],""all_points_y"":[1302,1138]}","{""fold"":""1"",""goal"":""0"",""hull"":""0""}"
RGB_130_T26.png,18750110,"{}",4,2,"{""name"":""point"",""cx"":674,""cy"":915}","{""fold"":""0"",""goal"":""1"",""hull"":""0""}"
RGB_130_T26.png,18750110,"{}",4,3,"{""name"":""polygon"",""all_points_x"":[1452,2212,2321,2497,2536,2404,2279,1784,1597,1527,1348,1406],""all_points_y"":[1107,1294,1294,1250,1750,1675,1678,1439,1390,1382,1307,1133]}","{""fold"":""0"",""goal"":""0"",""hull"":""1""}"
RGB_131_T26.png,19498546,"{}",3,0,"{""name"":""polyline"",""all_points_x"":[1092,1061],""all_points_y"":[1022,1092]}","{""fold"":""1"",""goal"":""0"",""hull"":""0""}"
RGB_131_T26.png,19498546,"{}",3,1,"{""name"":""point"",""cx"":674,""cy"":892}","{""fold"":""0"",""goal"":""1"",""hull"":""0""}"
RGB_131_T26.png,19498546,"{}",3,2,"{""name"":""polygon"",""all_points_x"":[1092,1367,1310,1214,1061],""all_points_y"":[1022,1120,1159,1149,1094]}","{""fold"":""0"",""goal"":""0"",""hull"":""1""}"
RGB_132_T26.png,19826302,"{}",3,0,"{""name"":""polyline"",""all_points_x"":[788,791],""all_points_y"":[980,1050]}","{""fold"":""1"",""goal"":""0"",""hull"":""0""}"
RGB_132_T26.png,19826302,"{}",3,1,"{""name"":""point"",""cx"":635,""cy"":840}","{""fold"":""0"",""goal"":""1"",""hull"":""0""}"
RGB_132_T26.png,19826302,"{}",3,2,"{""name"":""polygon"",""all_points_x"":[791,993,991,791],""all_points_y"":[980,1045,1089,1050]}","{""fold"":""0"",""goal"":""0"",""hull"":""1""}"
RGB_133_T27.png,17935724,"{}",4,0,"{""name"":""polyline"",""all_points_x"":[2237,2178],""all_points_y"":[1443,1824]}","{""fold"":""1"",""goal"":""0"",""hull"":""0""}"
RGB_133_T27.png,17935724,"{}",4,1,"{""name"":""polyline"",""all_points_x"":[2198,2174],""all_points_y"":[1949,1824]}","{""fold"":""1"",""goal"":""0"",""hull"":""0""}"
RGB_133_T27.png,17935724,"{}",4,2,"{""name"":""point"",""cx"":673,""cy"":910}","{""fold"":""0"",""goal"":""1"",""hull"":""0""}"
RGB_133_T27.png,17935724,"{}",4,3,"{""name"":""polygon"",""all_points_x"":[2233,2454,2439,2517,2458,2194,2178],""all_points_y"":[1439,1066,1498,2217,2206,1953,1824]}","{""fold"":""0"",""goal"":""0"",""hull"":""1""}"
RGB_134_T27.png,18184280,"{}",3,0,"{""name"":""polyline"",""all_points_x"":[1770,1968],""all_points_y"":[1789,1334]}","{""fold"":""1"",""goal"":""0"",""hull"":""0""}"
RGB_134_T27.png,18184280,"{}",3,1,"{""name"":""point"",""cx"":689,""cy"":895}","{""fold"":""0"",""goal"":""1"",""hull"":""0""}"
RGB_134_T27.png,18184280,"{}",3,2,"{""name"":""polygon"",""all_points_x"":[1968,2089,2439,2431,2447,2470,2283,1770],""all_points_y"":[1334,1202,1109,1470,1708,1894,1855,1793]}","{""fold"":""0"",""goal"":""0"",""hull"":""1""}"
RGB_135_T27.png,18606739,"{}",3,0,"{""name"":""polyline"",""all_points_x"":[1517,1645],""all_points_y"":[1642,1315]}","{""fold"":""1"",""goal"":""0"",""hull"":""0""}"
RGB_135_T27.png,18606739,"{}",3,1,"{""name"":""point"",""cx"":618,""cy"":875}","{""fold"":""0"",""goal"":""1"",""hull"":""0""}"
RGB_135_T27.png,18606739,"{}",3,2,"{""name"":""polygon"",""all_points_x"":[1645,1700,1766,2136,2264,2439,2447,2081,1509],""all_points_y"":[1326,1260,1241,1326,1299,1074,1618,1607,1649]}","{""fold"":""0"",""goal"":""0"",""hull"":""1""}"
RGB_136_T27.png,19437911,"{}",3,0,"{""name"":""polyline"",""all_points_x"":[1214,1268],""all_points_y"":[1373,1237]}","{""fold"":""1"",""goal"":""0"",""hull"":""0""}"
RGB_136_T27.png,19437911,"{}",3,1,"{""name"":""point"",""cx"":646,""cy"":895}","{""fold"":""0"",""goal"":""1"",""hull"":""0""}"
RGB_136_T27.png,19437911,"{}",3,2,"{""name"":""polygon"",""all_points_x"":[1268,1439,1377,1206],""all_points_y"":[1245,1307,1365,1377]}","{""fold"":""0"",""goal"":""0"",""hull"":""1""}"
RGB_137_T27.png,20321035,"{}",4,0,"{""name"":""polyline"",""all_points_x"":[805,805],""all_points_y"":[1186,1132]}","{""fold"":""1"",""goal"":""0"",""hull"":""0""}"
RGB_137_T27.png,20321035,"{}",4,1,"{""name"":""polyline"",""all_points_x"":[860,801],""all_points_y"":[1050,1140]}","{""fold"":""1"",""goal"":""0"",""hull"":""0""}"
RGB_137_T27.png,20321035,"{}",4,2,"{""name"":""point"",""cx"":603,""cy"":899}","{""fold"":""0"",""goal"":""1"",""hull"":""0""}"
RGB_137_T27.png,20321035,"{}",4,3,"{""name"":""polygon"",""all_points_x"":[860,1210,805,805],""all_points_y"":[1058,1186,1190,1124]}","{""fold"":""0"",""goal"":""0"",""hull"":""1""}"
RGB_138_T27.png,20313562,"{}",3,0,"{""name"":""polyline"",""all_points_x"":[673,766],""all_points_y"":[1167,996]}","{""fold"":""1"",""goal"":""0"",""hull"":""0""}"
RGB_138_T27.png,20313562,"{}",3,1,"{""name"":""point"",""cx"":603,""cy"":813}","{""fold"":""0"",""goal"":""1"",""hull"":""0""}"
RGB_138_T27.png,20313562,"{}",3,2,"{""name"":""polygon"",""all_points_x"":[766,918,860,673],""all_points_y"":[996,1074,1179,1171]}","{""fold"":""0"",""goal"":""0"",""hull"":""1""}"
RGB_139_T28.png,17115517,"{}",4,0,"{""name"":""polyline"",""all_points_x"":[2233,2178],""all_points_y"":[1478,1747]}","{""fold"":""1"",""goal"":""0"",""hull"":""0""}"
RGB_139_T28.png,17115517,"{}",4,1,"{""name"":""polyline"",""all_points_x"":[2178,2178],""all_points_y"":[1918,1754]}","{""fold"":""1"",""goal"":""0"",""hull"":""0""}"
RGB_139_T28.png,17115517,"{}",4,2,"{""name"":""point"",""cx"":630,""cy"":887}","{""fold"":""0"",""goal"":""1"",""hull"":""0""}"
RGB_139_T28.png,17115517,"{}",4,3,"{""name"":""polygon"",""all_points_x"":[2237,2525,2641,2501,2509,2443,2178,2182],""all_points_y"":[1463,1035,801,2349,2462,2427,1922,1743]}","{""fold"":""0"",""goal"":""0"",""hull"":""1""}"
RGB_140_T28.png,17291203,"{}",5,0,"{""name"":""polyline"",""all_points_x"":[1863,1972],""all_points_y"":[1595,1334]}","{""fold"":""1"",""goal"":""0"",""hull"":""0""}"
RGB_140_T28.png,17291203,"{}",5,1,"{""name"":""polyline"",""all_points_x"":[2112,1960],""all_points_y"":[1179,1342]}","{""fold"":""1"",""goal"":""0"",""hull"":""0""}"
RGB_140_T28.png,17291203,"{}",5,2,"{""name"":""polyline"",""all_points_x"":[1852,1867],""all_points_y"":[1727,1595]}","{""fold"":""1"",""goal"":""0"",""hull"":""0""}"
RGB_140_T28.png,17291203,"{}",5,3,"{""name"":""point"",""cx"":657,""cy"":899}","{""fold"":""0"",""goal"":""1"",""hull"":""0""}"
RGB_140_T28.png,17291203,"{}",5,4,"{""name"":""polygon"",""all_points_x"":[2128,2408,2622,2501,2454,2248,2015,1848,1863,1976],""all_points_y"":[1171,1085,879,2252,2252,2066,1828,1727,1579,1334]}","{""fold"":""0"",""goal"":""0"",""hull"":""1""}"
RGB_141_T28.png,18095355,"{}",3,0,"{""name"":""polyline"",""all_points_x"":[1568,1494],""all_points_y"":[1218,1463]}","{""fold"":""1"",""goal"":""0"",""hull"":""0""}"
RGB_141_T28.png,18095355,"{}",3,1,"{""name"":""point"",""cx"":642,""cy"":883}","{""fold"":""0"",""goal"":""1"",""hull"":""0""}"
RGB_141_T28.png,18095355,"{}",3,2,"{""name"":""polygon"",""all_points_x"":[1571,1782,1719,1696,1498],""all_points_y"":[1218,1249,1373,1552,1466]}","{""fold"":""0"",""goal"":""0"",""hull"":""1""}"
RGB_142_T28.png,18823622,"{}",4,0,"{""name"":""polyline"",""all_points_x"":[1046,1097],""all_points_y"":[1116,1074]}","{""fold"":""1"",""goal"":""0"",""hull"":""0""}"
RGB_142_T28.png,18823622,"{}",4,1,"{""name"":""polyline"",""all_points_x"":[1074,1046],""all_points_y"":[1198,1112]}","{""fold"":""1"",""goal"":""0"",""hull"":""0""}"
RGB_142_T28.png,18823622,"{}",4,2,"{""name"":""point"",""cx"":638,""cy"":895}","{""fold"":""0"",""goal"":""1"",""hull"":""0""}"
RGB_142_T28.png,18823622,"{}",4,3,"{""name"":""polygon"",""all_points_x"":[1097,1159,1159,1070,1046],""all_points_y"":[1074,1116,1229,1206,1124]}","{""fold"":""0"",""goal"":""0"",""hull"":""1""}"
RGB_143_T28.png,19771067,"{}",3,0,"{""name"":""polyline"",""all_points_x"":[821,817],""all_points_y"":[1089,1132]}","{""fold"":""1"",""goal"":""0"",""hull"":""0""}"
RGB_143_T28.png,19771067,"{}",3,1,"{""name"":""point"",""cx"":595,""cy"":875}","{""fold"":""0"",""goal"":""1"",""hull"":""0""}"
RGB_143_T28.png,19771067,"{}",3,2,"{""name"":""polygon"",""all_points_x"":[825,965,817],""all_points_y"":[1093,1159,1132]}","{""fold"":""0"",""goal"":""0"",""hull"":""1""}"
RGB_144_T29.png,17552510,"{}",3,0,"{""name"":""polyline"",""all_points_x"":[2349,2493],""all_points_y"":[1288,2377]}","{""fold"":""1"",""goal"":""0"",""hull"":""0""}"
RGB_144_T29.png,17552510,"{}",3,1,"{""name"":""point"",""cx"":727,""cy"":848}","{""fold"":""0"",""goal"":""1"",""hull"":""0""}"
RGB_144_T29.png,17552510,"{}",3,2,"{""name"":""polygon"",""all_points_x"":[2349,2474,2633,2626,2536,2501],""all_points_y"":[1284,1210,918,1653,2462,2373]}","{""fold"":""0"",""goal"":""0"",""hull"":""1""}"
RGB_145_T29.png,18051434,"{}",3,0,"{""name"":""polyline"",""all_points_x"":[1937,1754],""all_points_y"":[1221,1770]}","{""fold"":""1"",""goal"":""0"",""hull"":""0""}"
RGB_145_T29.png,18051434,"{}",3,1,"{""name"":""point"",""cx"":716,""cy"":817}","{""fold"":""0"",""goal"":""1"",""hull"":""0""}"
RGB_145_T29.png,18051434,"{}",3,2,"{""name"":""polygon"",""all_points_x"":[1945,2093,2583,2626,2606,2645,2657,2645,2151,1875,1762],""all_points_y"":[1225,1245,1151,1159,1587,1653,2027,2038,1867,1848,1762]}","{""fold"":""0"",""goal"":""0"",""hull"":""1""}"
RGB_146_T29.png,19187569,"{}",3,0,"{""name"":""polyline"",""all_points_x"":[1342,1428],""all_points_y"":[1354,1179]}","{""fold"":""1"",""goal"":""0"",""hull"":""0""}"
RGB_146_T29.png,19187569,"{}",3,1,"{""name"":""point"",""cx"":727,""cy"":852}","{""fold"":""0"",""goal"":""1"",""hull"":""0""}"
RGB_146_T29.png,19187569,"{}",3,2,"{""name"":""polygon"",""all_points_x"":[1431,1887,1696,1439,1346],""all_points_y"":[1183,1466,1400,1393,1358]}","{""fold"":""0"",""goal"":""0"",""hull"":""1""}"
RGB_147_T29.png,20148509,"{}",3,0,"{""name"":""polyline"",""all_points_x"":[961,926],""all_points_y"":[1077,1210]}","{""fold"":""1"",""goal"":""0"",""hull"":""0""}"
RGB_147_T29.png,20148509,"{}",3,1,"{""name"":""point"",""cx"":661,""cy"":774}","{""fold"":""0"",""goal"":""1"",""hull"":""0""}"
RGB_147_T29.png,20148509,"{}",3,2,"{""name"":""polygon"",""all_points_x"":[965,1299,1198,1062,934],""all_points_y"":[1074,1253,1237,1245,1206]}","{""fold"":""0"",""goal"":""0"",""hull"":""1""}"
RGB_148_T29.png,20409633,"{}",3,0,"{""name"":""polyline"",""all_points_x"":[708,685],""all_points_y"":[1097,1179]}","{""fold"":""1"",""goal"":""0"",""hull"":""0""}"
RGB_148_T29.png,20409633,"{}",3,1,"{""name"":""point"",""cx"":580,""cy"":864}","{""fold"":""0"",""goal"":""1"",""hull"":""0""}"
RGB_148_T29.png,20409633,"{}",3,2,"{""name"":""polygon"",""all_points_x"":[708,844,922,1074,899,685],""all_points_y"":[1097,1109,1144,1210,1233,1183]}","{""fold"":""0"",""goal"":""0"",""hull"":""1""}"
RGB_149_T30.png,17818610,"{}",3,0,"{""name"":""polyline"",""all_points_x"":[2264,2264],""all_points_y"":[1260,1778]}","{""fold"":""1"",""goal"":""0"",""hull"":""0""}"
RGB_149_T30.png,17818610,"{}",3,1,"{""name"":""point"",""cx"":712,""cy"":953}","{""fold"":""0"",""goal"":""1"",""hull"":""0""}"
RGB_149_T30.png,17818610,"{}",3,2,"{""name"":""polygon"",""all_points_x"":[2264,2563,2513,2408,2264],""all_points_y"":[1260,957,2369,2097,1778]}","{""fold"":""0"",""goal"":""0"",""hull"":""1""}"
RGB_150_T30.png,18493004,"{}",3,0,"{""name"":""polyline"",""all_points_x"":[1735,1677],""all_points_y"":[1299,1688]}","{""fold"":""1"",""goal"":""0"",""hull"":""0""}"
RGB_150_T30.png,18493004,"{}",3,1,"{""name"":""point"",""cx"":681,""cy"":941}","{""fold"":""0"",""goal"":""1"",""hull"":""0""}"
RGB_150_T30.png,18493004,"{}",3,2,"{""name"":""polygon"",""all_points_x"":[1739,1960,2591,2556,2163,1922,1669],""all_points_y"":[1295,1342,1311,2085,1852,1789,1692]}","{""fold"":""0"",""goal"":""0"",""hull"":""1""}"
RGB_151_T30.png,19924954,"{}",3,0,"{""name"":""polyline"",""all_points_x"":[1175,1148],""all_points_y"":[1330,1412]}","{""fold"":""1"",""goal"":""0"",""hull"":""0""}"
RGB_151_T30.png,19924954,"{}",3,1,"{""name"":""point"",""cx"":689,""cy"":949}","{""fold"":""0"",""goal"":""1"",""hull"":""0""}"
RGB_151_T30.png,19924954,"{}",3,2,"{""name"":""polygon"",""all_points_x"":[1175,1377,1264,1148],""all_points_y"":[1338,1435,1451,1412]}","{""fold"":""0"",""goal"":""0"",""hull"":""1""}"
RGB_152_T30.png,20817023,"{}",3,0,"{""name"":""polyline"",""all_points_x"":[766,751],""all_points_y"":[1144,1194]}","{""fold"":""1"",""goal"":""0"",""hull"":""0""}"
RGB_152_T30.png,20817023,"{}",3,1,"{""name"":""point"",""cx"":587,""cy"":887}","{""fold"":""0"",""goal"":""1"",""hull"":""0""}"
RGB_152_T30.png,20817023,"{}",3,2,"{""name"":""polyline"",""all_points_x"":[766,961,751],""all_points_y"":[1148,1225,1198]}","{""fold"":""0"",""goal"":""0"",""hull"":""1""}"
RGB_153_T31.png,18050265,"{}",4,0,"{""name"":""polyline"",""all_points_x"":[2314,2373],""all_points_y"":[1218,1529]}","{""fold"":""1"",""goal"":""0"",""hull"":""0""}"
RGB_153_T31.png,18050265,"{}",4,1,"{""name"":""polyline"",""all_points_x"":[2373,2338],""all_points_y"":[1536,1743]}","{""fold"":""1"",""goal"":""0"",""hull"":""0""}"
RGB_153_T31.png,18050265,"{}",4,2,"{""name"":""point"",""cx"":661,""cy"":899}","{""fold"":""0"",""goal"":""1"",""hull"":""0""}"
RGB_153_T31.png,18050265,"{}",4,3,"{""name"":""polygon"",""all_points_x"":[2318,2486,2540,2552,2618,2556,2497,2404,2361,2419,2451,2365,2338,2377],""all_points_y"":[1214,883,813,735,782,2093,2431,2528,2525,2419,2237,1762,1743,1521]}","{""fold"":""0"",""goal"":""0"",""hull"":""1""}"
RGB_154_T31.png,18007560,"{}",4,0,"{""name"":""polyline"",""all_points_x"":[2241,2104],""all_points_y"":[1233,1715]}","{""fold"":""1"",""goal"":""0"",""hull"":""0""}"
RGB_154_T31.png,18007560,"{}",4,1,"{""name"":""polyline"",""all_points_x"":[2101,2104],""all_points_y"":[1894,1712]}","{""fold"":""1"",""goal"":""0"",""hull"":""0""}"
RGB_154_T31.png,18007560,"{}",4,2,"{""name"":""point"",""cx"":618,""cy"":867}","{""fold"":""0"",""goal"":""1"",""hull"":""0""}"
RGB_154_T31.png,18007560,"{}",4,3,"{""name"":""polygon"",""all_points_x"":[2252,2412,2497,2509,2583,2614,2528,2474,2326,2279,2108,2104],""all_points_y"":[1225,1050,805,739,743,778,2217,2423,2381,2167,1883,1704]}","{""fold"":""0"",""goal"":""0"",""hull"":""1""}"
RGB_155_T31.png,19297177,"{}",3,0,"{""name"":""polyline"",""all_points_x"":[1509,1466],""all_points_y"":[1264,1463]}","{""fold"":""1"",""goal"":""0"",""hull"":""0""}"
RGB_155_T31.png,19297177,"{}",3,1,"{""name"":""point"",""cx"":661,""cy"":910}","{""fold"":""0"",""goal"":""1"",""hull"":""0""}"
RGB_155_T31.png,19297177,"{}",3,2,"{""name"":""polygon"",""all_points_x"":[1517,1770,1898,1591,1466],""all_points_y"":[1264,1210,1241,1498,1470]}","{""fold"":""0"",""goal"":""0"",""hull"":""1""}"
RGB_156_T31.png,20303984,"{}",4,0,"{""name"":""polyline"",""all_points_x"":[976,996],""all_points_y"":[1148,1198]}","{""fold"":""1"",""goal"":""0"",""hull"":""0""}"
RGB_156_T31.png,20303984,"{}",4,1,"{""name"":""polyline"",""all_points_x"":[1046,969],""all_points_y"":[1140,1151]}","{""fold"":""1"",""goal"":""0"",""hull"":""0""}"
RGB_156_T31.png,20303984,"{}",4,2,"{""name"":""point"",""cx"":650,""cy"":879}","{""fold"":""0"",""goal"":""1"",""hull"":""0""}"
RGB_156_T31.png,20303984,"{}",4,3,"{""name"":""polygon"",""all_points_x"":[1050,1101,1307,1272,992,976],""all_points_y"":[1136,1132,1218,1249,1202,1144]}","{""fold"":""0"",""goal"":""0"",""hull"":""1""}"
RGB_157_T31.png,20733559,"{}",3,0,"{""name"":""polyline"",""all_points_x"":[580,595],""all_points_y"":[1050,1027]}","{""fold"":""1"",""goal"":""0"",""hull"":""0""}"
RGB_157_T31.png,20733559,"{}",3,1,"{""name"":""point"",""cx"":595,""cy"":836}","{""fold"":""0"",""goal"":""1"",""hull"":""0""}"
RGB_157_T31.png,20733559,"{}",3,2,"{""name"":""polygon"",""all_points_x"":[595,618,576],""all_points_y"":[1031,1085,1058]}","{""fold"":""0"",""goal"":""0"",""hull"":""1""}"
RGB_158_T32.png,17688110,"{}",3,0,"{""name"":""polyline"",""all_points_x"":[2396,2377],""all_points_y"":[1377,1871]}","{""fold"":""1"",""goal"":""0"",""hull"":""0""}"
RGB_158_T32.png,17688110,"{}",3,1,"{""name"":""point"",""cx"":681,""cy"":829}","{""fold"":""0"",""goal"":""1"",""hull"":""0""}"
RGB_158_T32.png,17688110,"{}",3,2,"{""name"":""polygon"",""all_points_x"":[2400,2532,2645,2641,2528,2505,2478,2447,2381],""all_points_y"":[1369,1070,976,2116,2384,2482,2478,2287,1848]}","{""fold"":""0"",""goal"":""0"",""hull"":""1""}"
RGB_159_T32.png,18200171,"{}",3,0,"{""name"":""polyline"",""all_points_x"":[1953,1817],""all_points_y"":[1264,1614]}","{""fold"":""1"",""goal"":""0"",""hull"":""0""}"
RGB_159_T32.png,18200171,"{}",3,1,"{""name"":""point"",""cx"":696,""cy"":836}","{""fold"":""0"",""goal"":""1"",""hull"":""0""}"
RGB_159_T32.png,18200171,"{}",3,2,"{""name"":""polygon"",""all_points_x"":[1953,2007,2268,2513,2556,2606,2637,2552,2388,2314,2116,1820],""all_points_y"":[1260,1237,1260,1109,1050,1046,1992,1902,1929,1883,1820,1614]}","{""fold"":""0"",""goal"":""0"",""hull"":""1""}"
RGB_160_T32.png,19207602,"{}",3,0,"{""name"":""polyline"",""all_points_x"":[1385,1443],""all_points_y"":[1253,1070]}","{""fold"":""1"",""goal"":""0"",""hull"":""0""}"
RGB_160_T32.png,19207602,"{}",3,1,"{""name"":""point"",""cx"":755,""cy"":860}","{""fold"":""0"",""goal"":""1"",""hull"":""0""}"
RGB_160_T32.png,19207602,"{}",3,2,"{""name"":""polygon"",""all_points_x"":[1451,1638,1852,1774,1645,1540,1385],""all_points_y"":[1077,1229,1276,1319,1291,1303,1253]}","{""fold"":""0"",""goal"":""0"",""hull"":""1""}"
RGB_161_T32.png,20079716,"{}",3,0,"{""name"":""polyline"",""all_points_x"":[751,941],""all_points_y"":[972,976]}","{""fold"":""1"",""goal"":""0"",""hull"":""0""}"
RGB_161_T32.png,20079716,"{}",3,1,"{""name"":""point"",""cx"":704,""cy"":794}","{""fold"":""0"",""goal"":""1"",""hull"":""0""}"
RGB_161_T32.png,20079716,"{}",3,2,"{""name"":""polygon"",""all_points_x"":[945,1256,856,759],""all_points_y"":[980,1112,1031,976]}","{""fold"":""0"",""goal"":""0"",""hull"":""1""}"
RGB_162_T32.png,20696219,"{}",3,0,"{""name"":""polyline"",""all_points_x"":[720,727],""all_points_y"":[1015,1085]}","{""fold"":""1"",""goal"":""0"",""hull"":""0""}"
RGB_162_T32.png,20696219,"{}",3,1,"{""name"":""point"",""cx"":583,""cy"":794}","{""fold"":""0"",""goal"":""1"",""hull"":""0""}"
RGB_162_T32.png,20696219,"{}",3,2,"{""name"":""polygon"",""all_points_x"":[716,790,770,731],""all_points_y"":[1023,1054,1101,1089]}","{""fold"":""0"",""goal"":""0"",""hull"":""1""}"
RGB_163_T32.png,20734383,"{}",3,0,"{""name"":""polyline"",""all_points_x"":[790,759],""all_points_y"":[980,1070]}","{""fold"":""1"",""goal"":""0"",""hull"":""0""}"
RGB_163_T32.png,20734383,"{}",3,1,"{""name"":""point"",""cx"":599,""cy"":755}","{""fold"":""0"",""goal"":""1"",""hull"":""0""}"
RGB_163_T32.png,20734383,"{}",3,2,"{""name"":""polygon"",""all_points_x"":[797,972,1019,918,852,762,790],""all_points_y"":[992,1042,1097,1163,1101,1074,988]}","{""fold"":""0"",""goal"":""0"",""hull"":""1""}"
RGB_164_T33.png,17822433,"{}",3,0,"{""name"":""polyline"",""all_points_x"":[2322,2260],""all_points_y"":[1015,1513]}","{""fold"":""1"",""goal"":""0"",""hull"":""0""}"
RGB_164_T33.png,17822433,"{}",3,1,"{""name"":""point"",""cx"":681,""cy"":844}","{""fold"":""0"",""goal"":""1"",""hull"":""0""}"
RGB_164_T33.png,17822433,"{}",3,2,"{""name"":""polygon"",""all_points_x"":[2330,2556,2563,2474,2489,2517,2579,2505,2264],""all_points_y"":[1011,677,821,1167,1295,1346,2058,2213,1517]}","{""fold"":""0"",""goal"":""0"",""hull"":""1""}"
RGB_165_T33.png,18186524,"{}",3,0,"{""name"":""polyline"",""all_points_x"":[1890,1867],""all_points_y"":[1186,1568]}","{""fold"":""1"",""goal"":""0"",""hull"":""0""}"
RGB_165_T33.png,18186524,"{}",3,1,"{""name"":""point"",""cx"":665,""cy"":801}","{""fold"":""0"",""goal"":""1"",""hull"":""0""}"
RGB_165_T33.png,18186524,"{}",3,2,"{""name"":""polygon"",""all_points_x"":[1898,2206,2299,2357,2330,2077,1875],""all_points_y"":[1194,1140,1077,1307,1937,1708,1575]}","{""fold"":""0"",""goal"":""0"",""hull"":""1""}"
RGB_166_T33.png,18780054,"{}",3,0,"{""name"":""polyline"",""all_points_x"":[1474,1424],""all_points_y"":[1202,1377]}","{""fold"":""1"",""goal"":""0"",""hull"":""0""}"
RGB_166_T33.png,18780054,"{}",3,1,"{""name"":""point"",""cx"":657,""cy"":731}","{""fold"":""0"",""goal"":""1"",""hull"":""0""}"
RGB_166_T33.png,18780054,"{}",3,2,"{""name"":""polygon"",""all_points_x"":[1482,1743,2007,1910,1910,1712,1428],""all_points_y"":[1198,1237,1237,1338,1361,1501,1389]}","{""fold"":""0"",""goal"":""0"",""hull"":""1""}"
RGB_167_T33.png,19871419,"{}",3,0,"{""name"":""polyline"",""all_points_x"":[1081,1050],""all_points_y"":[1124,1183]}","{""fold"":""1"",""goal"":""0"",""hull"":""0""}"
RGB_167_T33.png,19871419,"{}",3,1,"{""name"":""point"",""cx"":669,""cy"":762}","{""fold"":""0"",""goal"":""1"",""hull"":""0""}"
RGB_167_T33.png,19871419,"{}",3,2,"{""name"":""polygon"",""all_points_x"":[1089,1221,1221,1046],""all_points_y"":[1128,1186,1245,1186]}","{""fold"":""0"",""goal"":""0"",""hull"":""1""}"
RGB_168_T33.png,20405604,"{}",3,0,"{""name"":""polyline"",""all_points_x"":[735,731],""all_points_y"":[1046,1070]}","{""fold"":""1"",""goal"":""0"",""hull"":""0""}"
RGB_168_T33.png,20405604,"{}",3,1,"{""name"":""point"",""cx"":603,""cy"":743}","{""fold"":""0"",""goal"":""1"",""hull"":""0""}"
RGB_168_T33.png,20405604,"{}",3,2,"{""name"":""polygon"",""all_points_x"":[735,864,739],""all_points_y"":[1046,1089,1070]}","{""fold"":""0"",""goal"":""0"",""hull"":""1""}"
RGB_169_T34.png,17487168,"{}",3,0,"{""name"":""polyline"",""all_points_x"":[2330,2244],""all_points_y"":[1435,1922]}","{""fold"":""1"",""goal"":""0"",""hull"":""0""}"
RGB_169_T34.png,17487168,"{}",3,1,"{""name"":""point"",""cx"":681,""cy"":821}","{""fold"":""0"",""goal"":""1"",""hull"":""0""}"
RGB_169_T34.png,17487168,"{}",3,2,"{""name"":""polygon"",""all_points_x"":[2334,2602,2688,2672,2626,2595,2462,2342,2248],""all_points_y"":[1408,1171,1031,2085,2190,2451,2361,2046,1929]}","{""fold"":""0"",""goal"":""0"",""hull"":""1""}"
RGB_170_T34.png,17883904,"{}",3,0,"{""name"":""polyline"",""all_points_x"":[1863,1696],""all_points_y"":[1303,1626]}","{""fold"":""1"",""goal"":""0"",""hull"":""0""}"
RGB_170_T34.png,17883904,"{}",3,1,"{""name"":""point"",""cx"":661,""cy"":825}","{""fold"":""0"",""goal"":""1"",""hull"":""0""}"
RGB_170_T34.png,17883904,"{}",3,2,"{""name"":""polygon"",""all_points_x"":[1863,2252,2528,2684,2657,2614,2563,2536,2381,2252,1704],""all_points_y"":[1291,1276,1144,988,1984,2034,2030,1964,1941,1844,1638]}","{""fold"":""0"",""goal"":""0"",""hull"":""1""}"
RGB_171_T34.png,18475920,"{}",4,0,"{""name"":""polyline"",""all_points_x"":[1509,1424],""all_points_y"":[1136,1214]}","{""fold"":""1"",""goal"":""0"",""hull"":""0""}"
RGB_171_T34.png,18475920,"{}",4,1,"{""name"":""polyline"",""all_points_x"":[1389,1431],""all_points_y"":[1338,1210]}","{""fold"":""1"",""goal"":""0"",""hull"":""0""}"
RGB_171_T34.png,18475920,"{}",4,2,"{""name"":""point"",""cx"":692,""cy"":825}","{""fold"":""0"",""goal"":""1"",""hull"":""0""}"
RGB_171_T34.png,18475920,"{}",4,3,"{""name"":""polygon"",""all_points_x"":[1517,1801,2346,2684,2676,2563,2454,2287,1389,1431],""all_points_y"":[1140,1245,1326,1307,1813,1797,1797,1715,1346,1210]}","{""fold"":""0"",""goal"":""0"",""hull"":""1""}"
RGB_172_T34.png,19813480,"{}",3,0,"{""name"":""polyline"",""all_points_x"":[1066,1062],""all_points_y"":[1109,1128]}","{""fold"":""1"",""goal"":""0"",""hull"":""0""}"
RGB_172_T34.png,19813480,"{}",3,1,"{""name"":""point"",""cx"":669,""cy"":774}","{""fold"":""0"",""goal"":""1"",""hull"":""0""}"
RGB_172_T34.png,19813480,"{}",3,2,"{""name"":""polyline"",""all_points_x"":[1054,1128,1058],""all_points_y"":[1105,1132,1128]}","{""fold"":""0"",""goal"":""0"",""hull"":""1""}"
RGB_173_T34.png,19997015,"{}",3,0,"{""name"":""polyline"",""all_points_x"":[797,786],""all_points_y"":[1004,1035]}","{""fold"":""1"",""goal"":""0"",""hull"":""0""}"
RGB_173_T34.png,19997015,"{}",3,1,"{""name"":""point"",""cx"":591,""cy"":735}","{""fold"":""0"",""goal"":""1"",""hull"":""0""}"
RGB_173_T34.png,19997015,"{}",3,2,"{""name"":""polygon"",""all_points_x"":[797,937,790],""all_points_y"":[1007,1070,1039]}","{""fold"":""0"",""goal"":""0"",""hull"":""1""}"
RGB_174_T35.png,17523026,"{}",4,0,"{""name"":""polyline"",""all_points_x"":[2307,2295],""all_points_y"":[1151,1486]}","{""fold"":""1"",""goal"":""0"",""hull"":""0""}"
RGB_174_T35.png,17523026,"{}",4,1,"{""name"":""polyline"",""all_points_x"":[2225,2299],""all_points_y"":[1747,1478]}","{""fold"":""1"",""goal"":""0"",""hull"":""0""}"
RGB_174_T35.png,17523026,"{}",4,2,"{""name"":""point"",""cx"":646,""cy"":805}","{""fold"":""0"",""goal"":""1"",""hull"":""0""}"
RGB_174_T35.png,17523026,"{}",4,3,"{""name"":""polygon"",""all_points_x"":[2307,2497,2598,2700,2598,2458,2361,2229,2299],""all_points_y"":[1155,1050,902,1591,2237,2435,2322,1739,1463]}","{""fold"":""0"",""goal"":""0"",""hull"":""1""}"
RGB_175_T35.png,18126753,"{}",4,0,"{""name"":""polyline"",""all_points_x"":[1758,1649],""all_points_y"":[1233,1521]}","{""fold"":""1"",""goal"":""0"",""hull"":""0""}"
RGB_175_T35.png,18126753,"{}",4,1,"{""name"":""polyline"",""all_points_x"":[1661,1645],""all_points_y"":[1614,1513]}","{""fold"":""1"",""goal"":""0"",""hull"":""0""}"
RGB_175_T35.png,18126753,"{}",4,2,"{""name"":""point"",""cx"":673,""cy"":829}","{""fold"":""0"",""goal"":""1"",""hull"":""0""}"
RGB_175_T35.png,18126753,"{}",4,3,"{""name"":""polygon"",""all_points_x"":[1758,2287,2474,2571,2668,2630,2595,2525,2252,1867,1657,1645],""all_points_y"":[1233,1326,1284,1381,1645,2089,2097,2054,2046,1735,1603,1521]}","{""fold"":""0"",""goal"":""0"",""hull"":""1""}"
RGB_176_T35.png,19688179,"{}",3,0,"{""name"":""polyline"",""all_points_x"":[1229,1229],""all_points_y"":[1241,1288]}","{""fold"":""1"",""goal"":""0"",""hull"":""0""}"
RGB_176_T35.png,19688179,"{}",3,1,"{""name"":""point"",""cx"":692,""cy"":805}","{""fold"":""0"",""goal"":""1"",""hull"":""0""}"
RGB_176_T35.png,19688179,"{}",3,2,"{""name"":""polygon"",""all_points_x"":[1225,1739,1225],""all_points_y"":[1233,1463,1288]}","{""fold"":""0"",""goal"":""0"",""hull"":""1""}"
RGB_177_T35.png,20640078,"{}",3,0,"{""name"":""polyline"",""all_points_x"":[712,708],""all_points_y"":[992,1035]}","{""fold"":""1"",""goal"":""0"",""hull"":""0""}"
RGB_177_T35.png,20640078,"{}",3,1,"{""name"":""point"",""cx"":681,""cy"":770}","{""fold"":""0"",""goal"":""1"",""hull"":""0""}"
RGB_177_T35.png,20640078,"{}",3,2,"{""name"":""polygon"",""all_points_x"":[712,856,704],""all_points_y"":[996,1081,1035]}","{""fold"":""0"",""goal"":""0"",""hull"":""1""}"